index_offset,design,KELLYspecific-A375,KELLYspecific-HEK,KELLYspecific-KELLY,KELLYspecific-T47D,index_offset_design,I1,S1,I2,S2,I_len,S_len,PValue,FDR,I1_sum,I2_sum,S1_sum,S2_sum,PSI1,PSI2,deltaPSI,significance,category,R1design,seq,min_ed
ENSG00000004534.15;RBM6;chr3-50068689-50068764-50066241-50066502-50075200-50075330__0:0:0,vae_Kelly_1_to_pos_R2design8,0.01177735836791682,0.012812182402825683,0.17452155787003032,0.016474989127382267,ENSG00000004534.15;RBM6;chr3-50068689-50068764-50066241-50066502-50075200-50075330__0:0:0__vae_Kelly_1_to_pos_R2design8,"138,125,133","634,630,609","4,3,9,4,7,10,6,9,10","436,438,454,464,560,560,281,503,904",1,1,4.90088525318e-10,1.22140951365e-8,396,62,1873,4600,0.1745262230057294,0.013299013299013299,0.1612272097067161,TRUE,vae_Kelly_1_to_pos,R2design8,CAAAAGCAACTATTGGGAAAGGCCTAGAAGCATCTCTAGGACCATTGTTTCTTAGACCTATACTCATAGAATTGCCTCTCTTCTCTGTTTCTCTTGCACGCTACCCGGACAGGAAGGCAGTCAGAGCGGGAAGGTAAATATCTTGAAAGGCGTAGGGAAGATAGAAAGTTGTGAGTCAGTTAACTCCCTTAACCTCAGCTCTTTTTGCTTTCTG,102
ENSG00000004534.15;RBM6;chr3-50068689-50068764-50066241-50066502-50075200-50075330__0:0:0,vae_Kelly_1_to_pos_R2design9,0.014102263002989068,0.023822220289631768,0.163958303034928,0.0458079876683364,ENSG00000004534.15;RBM6;chr3-50068689-50068764-50066241-50066502-50075200-50075330__0:0:0__vae_Kelly_1_to_pos_R2design9,"889,803,743","4172,4497,3768","45,39,47,73,93,98,30,57,106","3212,3001,2954,3323,3560,3900,606,1144,2371",1,1,2.99757822564e-7,6.59173329423e-6,2435,588,12437,24071,0.1637305002689618,0.023845249199075387,0.13988525106988642,TRUE,vae_Kelly_1_to_pos,R2design9,CAAAAGCAACTATTGGGAAAGGCCTAGAAGCATCTCTAGGACCATTGTTTCTTAGACCTATACTCATAGAATTGCCTCTCTTCTCTGTTTCTCTTGCACGCTCCCCGGACAGGAAGGCAGTCAGAGCGGGAAGGTAAATATCTTGAAAGGCGTAGGGAATATAGAAAGTTGTGAGTCAGTTAACTACCTTAACCTCAGCTCTTTTTGCTTTCTG,104
ENSG00000006607.14;FARP2;chr2-241462522-241462612-241436480-241436538-241463334-241463458__0:0:0,vae_Kelly_1_to_pos_R2design1,0.122614409254676,0.21531838659677865,0.461089281243979,0.25469208457885867,ENSG00000006607.14;FARP2;chr2-241462522-241462612-241436480-241436538-241463334-241463458__0:0:0__vae_Kelly_1_to_pos_R2design1,"2049,2063,1995","2442,2524,2185","410,375,379,688,822,824,148,316,534","2792,2787,2748,2452,2922,3151,456,877,1567",1,1,0,0,6107,4496,7151,19752,0.4606275456328255,0.18541735400857803,0.2752101916242474,TRUE,vae_Kelly_1_to_pos,R2design1,ATTACCAACTTCAGGCTCCCTGAGCGTGGGAGGGTCCCATGTCCCAGGGACGCACACTTACAGCTCTCTGCTTCTTTCAGCGCGTGCCTTCCTATTGCACGCTCCCCAGAGTGGAAGGGAGTCACGCAGCAAAGGTAAAGAACCTCAATGATTTAGGGATTATAGCCAGGAGTCAGTAAGTTATTATTACTTTGATTTTTTTTTAAAATAAATCT,108
ENSG00000006607.14;FARP2;chr2-241462522-241462612-241436480-241436538-241463334-241463458__0:0:0,vae_Kelly_1_to_pos_R2design2,0.6140806181181794,0.7771137171058663,0.8811705443626611,0.724608609761585,ENSG00000006607.14;FARP2;chr2-241462522-241462612-241436480-241436538-241463334-241463458__0:0:0__vae_Kelly_1_to_pos_R2design2,"5548,5388,5216","744,826,614","2270,2230,2207,2545,2811,3141,616,1160,2250","1431,1464,1323,734,876,821,246,451,794",1,1,5.18593441945e-6,1.08710756101e-4,16152,19230,2184,8140,0.8808900523560209,0.7025940811107052,0.1782959712453157,TRUE,vae_Kelly_1_to_pos,R2design2,ATTACCAACTTCAGGCTCCCTGAGCGTGGGAGGGTCCCATGTCCCAGGGACGCACACTTACAGCTCTCTGCTTCTTTCAGCGCGTGTCTTCCTATTGCACGCTCCCCAGAGTGGAAGGGAGTCACGCAGCAAAGGTAAAGTACCTCAATGATTTAGGGATTATAGCCGGGAGTCAGTAAGTCATTATTACTTTGATTTTTTTTTAAAATAAATCT,108
ENSG00000006607.14;FARP2;chr2-241462522-241462612-241436480-241436538-241463334-241463458__0:0:0,vae_Kelly_1_to_pos_R2design3,0.40763945134586466,0.5420677341751423,0.781089142739059,0.6383783992479644,ENSG00000006607.14;FARP2;chr2-241462522-241462612-241436480-241436538-241463334-241463458__0:0:0__vae_Kelly_1_to_pos_R2design3,"3846,3676,3499","1098,1063,932","1169,1113,1175,1453,1650,1781,321,526,1085","1715,1643,1665,1239,1401,1483,162,332,617",1,1,1.3060470927e-8,3.05152461346e-7,11021,10273,3093,10257,0.7808558877710076,0.5003896736483195,0.280466214122688,TRUE,vae_Kelly_1_to_pos,R2design3,ATTACCAACTTCAGGCTCCCTGAGCGTGGGAGGGTCCCATGTCCCAGGGACGCACACTTACAGCTCTCTGCTTCTTTCAGCGCGTGCCTTCCTACTGCACGCTCCCCAGAGTGGAAGGGAGTCACGCAGCAAAGGTAAAGTACCTCAATGATTTAGGGATTATAGCCAGGAGTCAGTAAGTTATTATTACTTTGATTTTTTTTTAAAATAAATCT,110
ENSG00000006607.14;FARP2;chr2-241462522-241462612-241436480-241436538-241463334-241463458__0:0:0,vae_Kelly_1_to_pos_R2design4,0.47767093798248766,0.688906880781402,0.826368743870019,0.601165937158999,ENSG00000006607.14;FARP2;chr2-241462522-241462612-241436480-241436538-241463334-241463458__0:0:0__vae_Kelly_1_to_pos_R2design4,"804,780,638","154,184,130","266,279,266,509,506,535,224,454,813","311,274,303,198,244,261,167,269,536",1,1,1.00367942735e-7,2.22896332232e-6,2222,3852,468,2563,0.8260223048327138,0.6004676539360873,0.22555465089662652,TRUE,vae_Kelly_1_to_pos,R2design4,ATTACCAACTTCAGGCTCCCTGAGCGTGGGAGGGTCCCATGTCCCAGGGACGCACACTTACAGCTCTCTGCTTCTTTCAGCGCGTGTCTTCCTATTGCACGCTCCCCAGAGTGGAAGGGAGTCACGCAGCAAAGGTAAAGTACCTCAATGATTTAGGGATTATAGCCAGGAGTCAGTAAGTCATTATTACTTTGATTTTTTTTTAAAATAAATCT,108
ENSG00000006607.14;FARP2;chr2-241462522-241462612-241436480-241436538-241463334-241463458__0:0:0,vae_Kelly_1_to_pos_R2design5,0.6503776371067134,0.833314325075873,0.9062372049741619,0.7191169845243657,ENSG00000006607.14;FARP2;chr2-241462522-241462612-241436480-241436538-241463334-241463458__0:0:0__vae_Kelly_1_to_pos_R2design5,"3179,3040,2842","296,323,316","1327,1290,1271,1605,1799,1885,499,953,1766","718,727,647,312,374,373,192,381,684",1,1,3.66286032564e-5,7.08258250897e-4,9061,12395,935,4408,0.9064625850340136,0.7376658929952985,0.16879669203871506,TRUE,vae_Kelly_1_to_pos,R2design5,ATTACCAACTTCAGGCTCCCTGAGCGTGGGAGGGTCCCATGTCCCAGGGACGCACACTTACAGCTCTCTGCTTCTTTCAGCGCGTGTCTTCCTATTGCACGCTCCCCAGAGTGGAAGGGAGTCACGCAGCAAAGGTAAAGTACCTCAATGATTTAGGGATTATAGCCGGGAGTCAGTAAGTTATTATTACTTTGATTTTTTTTTAAAATAAATCT,109
ENSG00000065413.20;ANKRD44;chr2-197187022-197187106-197147026-197147105-197310577-197310646__0:0:0,vae_Kelly_1_to_pos_R2design8,0.360328044231912,0.6130069398976353,0.7818895627393416,0.37202043870739265,ENSG00000065413.20;ANKRD44;chr2-197187022-197187106-197147026-197147105-197310577-197310646__0:0:0__vae_Kelly_1_to_pos_R2design8,"3231,3274,3066","907,925,839","638,690,653,1296,1453,1467,186,332,766","1143,1230,1144,825,901,935,324,603,1167",1,1,4.0034642268e-13,1.10861361243e-11,9571,7481,2671,8272,0.7818166966181996,0.47489367104678476,0.3069230255714149,TRUE,vae_Kelly_1_to_pos,R2design8,GAACAAATCTTCTCACCATCTGCATCTGTATGTGATCAGATGTATTAATTTTAGTTCTGATTCCCATTCTCTTGTGTTTGCAGCCACCTTTCTTTTGCACGCTACCCAGGGAGGAAGGAAGGGAGATCCGGAAGGTAAAGAATAAAACTGACCTAGGGAATACAGTGGGAAGTGAGTCAGTTATTTTGCTACTCAGGCCCTGTTAGCCTGGAGCA,101
ENSG00000071553.18;ATP6AP1;chrX-154432265-154432315-154431829-154431904-154432930-154432971__0:0:0,vae_Kelly_0_to_pos_R2design11,0.002527015063592031,0.00349767702811048,0.1444932863579093,0.004662449287014,ENSG00000071553.18;ATP6AP1;chrX-154432265-154432315-154431829-154431904-154432930-154432971__0:0:0__vae_Kelly_0_to_pos_R2design11,"297,284,258","1761,1771,1451","1,6,2,5,4,4,2,2,5","1217,1196,1129,1113,1285,1367,311,601,1163",1,1,8.25633620694e-6,1.71471871409e-4,839,31,4983,9382,0.14410855376159395,0.003293317752045044,0.1408152360095489,TRUE,vae_Kelly_0_to_pos,R2design11,GTATTGCTTTCCAGAGGAGAGCTGCCAGAGAGGTGTGGGGGGCTGGGCCAGGCCCACTGGCCCCTGGCTAACTCACCTTTTGCCTCTCTTCTTTTTGCACGCTGCCCTGGCAGGGAGGCAGTCCTCACTGGTAGGTAAAGACATTGACTGTTCTAGGGATAGCAGTCAGAACTCAGTCAGTTAGTAAAAGCTCTGGGCCAGCCCCTTGCATGTGG,106
ENSG00000076650.7;GPATCH1;chr19-33090779-33090865-33088133-33088268-33093358-33093519__0:0:0,vae_Kelly_1_to_pos_R2design9,0.30403155065430065,0.54878920982556,0.6619208496194446,0.4608444907230357,ENSG00000076650.7;GPATCH1;chr19-33090779-33090865-33088133-33088268-33093358-33093519__0:0:0__vae_Kelly_1_to_pos_R2design9,"1010,1035,949","547,517,467","239,245,259,462,558,614,143,211,413","576,572,553,412,456,468,151,271,488",1,1,5.08496029353e-5,9.74834695589e-4,2994,3144,1531,3947,0.6616574585635359,0.44337893103934567,0.2182785275241902,TRUE,vae_Kelly_1_to_pos,R2design9,GTCCATACATGTTATTTAATCATTTACTCATAGACCCAAATACTCTCTAGGATTGTAAAGTTCTAAACTCTTTTTTTTTCAGGATGTATTCCCTTTGCATGCTTGCCTGGCAGGCAGGAAGGAACAGAGAAAAGGTAAAGAGATTCTGAATCTTAGGGAGAATAGGAGGTACTTAGGCAGTTATTTAATTGCCAATTAGCTGGTGGGACAGGTCT,96
ENSG00000102385.13;DRP2;chrX-101242903-101242982-101242324-101242471-101245016-101245077__0:0:0,vae_Kelly_0_to_pos_R2design2,0.0173372357169905,0.0049439453036489766,0.4059448067914103,0.043283292624350496,ENSG00000102385.13;DRP2;chrX-101242903-101242982-101242324-101242471-101245016-101245077__0:0:0__vae_Kelly_0_to_pos_R2design2,"841,718,763","1127,1233,1043","24,17,14,3,7,6,14,29,33","1060,1056,984,980,1113,1079,281,565,950",1,1,0,0,2322,147,3403,8068,0.40558951965065504,0.01789409616555082,0.3876954234851042,TRUE,vae_Kelly_0_to_pos,R2design2,CTCATAAATATTCCCAGAGGCACCTGGGGATCCCACTCTAAATAGCTGGAATGAATCTACTGACCTCACCCTGTTCTTTCCATTGTCTTCCTTTTGCACGCTGCCTAAGCAGGGAGGGAGTGCCCACGGGAAGGTAAAGACTGTGTCACACCTAGGGATCACAGGTAGGTGTAAGTAAGTTAACTACACTTAGCAGAACCTCAGCCATCTTCCT,106
ENSG00000102385.13;DRP2;chrX-101242903-101242982-101242324-101242471-101245016-101245077__0:0:0,vae_Kelly_0_to_pos_R2design4,0.026610529134943467,0.019919413827492332,0.5687197458320143,0.11837236945639634,ENSG00000102385.13;DRP2;chrX-101242903-101242982-101242324-101242471-101245016-101245077__0:0:0__vae_Kelly_0_to_pos_R2design4,"692,658,588","523,512,436","27,20,21,18,20,18,27,40,91","833,898,767,876,908,978,180,352,651",1,1,0,0,1938,282,1471,6443,0.5684951598709299,0.04193308550185874,0.5265620743690712,TRUE,vae_Kelly_0_to_pos,R2design4,CTCATAAATATTCCCAGAGGCACCTGGGGATCCCACTCTAAATAGCTGGAATGAATCTACTGACCTCACCCTGTTCTTTCCATTGTCTTCCTTTTGCACGCTGCCTAAGCAGGGAGGGAGTGCCCACCGGAAGGTAAAGACTGTTTCACACCTAGGGATCACAGGTAGGTGTAAGTAAGTTAACTCCACTTAGCAGAACCTCAGCCATCTTCCT,104
ENSG00000106069.23;CHN2;chr7-29354624-29354663-29194774-29194990-29367931-29367971__0:0:0,vae_Kelly_1_to_pos_R2design1,0.4895056197176867,0.3530412740139183,0.8754265104372683,0.579913615953052,ENSG00000106069.23;CHN2;chr7-29354624-29354663-29194774-29194990-29367931-29367971__0:0:0__vae_Kelly_1_to_pos_R2design1,"996,1013,899","132,144,137","239,245,253,112,144,143,95,178,375","247,280,243,217,248,264,75,141,227",1,1,0,0,2908,1784,413,1942,0.8756398675097862,0.4787976382179281,0.3968422292918581,TRUE,vae_Kelly_1_to_pos,R2design1,CGCATGCAAGTACTGTGGACAGACTGTTGTTCCTCCAGAGAAGACACATGTTGACAGCTTGACGTTCAGGCTGATGATGGATTTCTTTTTTTTTTGCACGCTTCCGTGGCAGGGAGGAAGAGCCTCCGATAAGGTAAAGATACTTTGAGTCCTAGGGATGATAGTCAGCAGTGAGGTAGTTAGCAAGCCAGCCTTTCTGAACAATTCTTGCCAG,101
ENSG00000106069.23;CHN2;chr7-29354624-29354663-29194774-29194990-29367931-29367971__0:0:0,vae_Kelly_1_to_pos_R2design10,0.368972019586959,0.20602010245682767,0.8213807437366587,0.511622063958514,ENSG00000106069.23;CHN2;chr7-29354624-29354663-29194774-29194990-29367931-29367971__0:0:0__vae_Kelly_1_to_pos_R2design10,"503,524,449","97,121,103","141,133,133,56,44,58,114,238,388","201,245,255,195,223,194,113,222,365",1,1,0,0,1476,1305,321,2013,0.8213689482470785,0.3933092224231465,0.42805972582393204,TRUE,vae_Kelly_1_to_pos,R2design10,CGCATGCAAGTACTGTGGACAGACTGTTGTTCCTCCAGAGAAGACACATGTTGACAGCTTGACGTTCAGGCTGATGATGGATTTCTTTTTTTTTTGCACGCTTCCATGGCAGGGAGGAAGAGCCTCCTATAAGGTAATGATACTGTGAGTCCTAGGGATGATAGTCAGCAGTGAGGTAGTTAGCAAGCCAGCCTTTCTGAACAATTCTTGCCAG,105
ENSG00000106069.23;CHN2;chr7-29354624-29354663-29194774-29194990-29367931-29367971__0:0:0,vae_Kelly_1_to_pos_R2design2,0.39768070141514533,0.3116147817292773,0.811815079804017,0.5437233935902154,ENSG00000106069.23;CHN2;chr7-29354624-29354663-29194774-29194990-29367931-29367971__0:0:0__vae_Kelly_1_to_pos_R2design2,"1212,1190,1198","290,316,231","451,417,434,241,277,295,130,294,525","626,665,682,530,626,640,115,242,426",1,1,0,0,3600,3064,837,4552,0.8113590263691683,0.4023109243697479,0.40904810199942043,TRUE,vae_Kelly_1_to_pos,R2design2,CGCATGCAAGTACTGTGGACAGACTGTTGTTCCTCCAGAGAAGACACATGTTGACAGCTTGACGTTCAGGCTGATGATGGATTTCTTTTTTTTTTGCACGCTTCCATGGCAGGGAGGAAGAGCCTCCTATAAGGTAAAGATACTGTGAGTCCCAGGGATGATAGTCAGCAGTGAGTTAGTTAGCAAGCCAACCTTTCTGAACAATTCTTGCCAG,105
ENSG00000106069.23;CHN2;chr7-29354624-29354663-29194774-29194990-29367931-29367971__0:0:0,vae_Kelly_1_to_pos_R2design4,0.5231722646255044,0.455443475558418,0.9115474313204563,0.573862440026233,ENSG00000106069.23;CHN2;chr7-29354624-29354663-29194774-29194990-29367931-29367971__0:0:0__vae_Kelly_1_to_pos_R2design4,"847,863,770","75,92,74","307,253,279,154,180,215,197,361,623","268,255,240,197,226,229,163,247,450",1,1,0,0,2480,2569,241,2275,0.9114296214626976,0.5303468208092486,0.381082800653449,TRUE,vae_Kelly_1_to_pos,R2design4,CGCATGCAAGTACTGTGGACAGACTGTTGTTCCTCCAGAGAAGACACATGTTGACAGCTTGACGTTCAGGCTGATGATGGATTTCTTTTTTTTTTGCACGCTTCCATGGCAGGGAGGAAGAGCCTCCTATAAGGTAAAGATACTGTGAGTCCCAGGGATCATAGTCAGCAGTGAGTTAGTTAGCAAGCCAGCCTTTCTGAACAATTCTTGCCAG,105
ENSG00000106069.23;CHN2;chr7-29354624-29354663-29194774-29194990-29367931-29367971__0:0:0,vae_Kelly_1_to_pos_R2design6,0.37616089545586134,0.31712100999903803,0.8415985872731817,0.509855324376854,ENSG00000106069.23;CHN2;chr7-29354624-29354663-29194774-29194990-29367931-29367971__0:0:0__vae_Kelly_1_to_pos_R2design6,"1737,1716,1600","325,347,281","610,562,518,368,422,456,176,336,555","933,936,929,819,920,939,169,312,553",1,1,0,0,5053,4003,953,6510,0.8413253413253413,0.38076666983734425,0.46055867148799706,TRUE,vae_Kelly_1_to_pos,R2design6,CGCATGCAAGTACTGTGGACAGACTGTTGTTCCTCCAGAGAAGACACATGTTGACAGCTTGACGTTCAGGCTGATGATGGATTTCTTTTTTTTTTGCACGCTTCCATGGCAGGGAGGAAGAGCCTCCTATAAGGTAAAGATACTTTGAGTCCTAGGGATCATAGTCAGCAGTGAGGTAGTTAGCAAGCCAACCTTTCTGAACAATTCTTGCCAG,104
ENSG00000106069.23;CHN2;chr7-29354624-29354663-29194774-29194990-29367931-29367971__0:0:0,vae_Kelly_1_to_pos_R2design8,0.37200600418176566,0.25733803797152266,0.8086224841069163,0.5555683787146717,ENSG00000106069.23;CHN2;chr7-29354624-29354663-29194774-29194990-29367931-29367971__0:0:0__vae_Kelly_1_to_pos_R2design8,"988,927,952","239,212,228","279,260,266,135,146,151,79,133,264","468,454,437,406,425,415,60,120,197",1,1,0,0,2867,1713,679,2982,0.8085166384658771,0.3648562300319489,0.4436604084339282,TRUE,vae_Kelly_1_to_pos,R2design8,CGCATGCAAGTACTGTGGACAGACTGTTGTTCCTCCAGAGAAGACACATGTTGACAGCTTGACGTTCAGGCTGATGATGGATTTCTTTTTTTTTTGCACGCTTCCATGGCAGGGAGGAAGAGCCTCCTATAAGGTAAAGATACTGTGAGTCCCAGGGATGATAGTCAGCAGTGAGTTAGTTAGCAAGCCAGCCTTTCTGAACAATTCTTGCCAG,105
ENSG00000106624.11;AEBP1;chr7-44110014-44110124-44109287-44109341-44110206-44110346__0:0:0,vae_Kelly_0_to_pos_R2design10,0.00445956334052656,0.00334102278392737,0.13748360710062132,0.0061773882770713336,ENSG00000106624.11;AEBP1;chr7-44110014-44110124-44109287-44109341-44110206-44110346__0:0:0__vae_Kelly_0_to_pos_R2design10,"160,166,149","1009,1038,933","4,2,2,2,2,2,4,0,8","590,597,603,579,596,616,349,592,1103",1,1,0.00113603707838,0.0200640249355,475,26,2980,5625,0.13748191027496381,0.004600955583082641,0.1328809546918812,TRUE,vae_Kelly_0_to_pos,R2design10,CCTTTGTTCTGGGTTTGGTGGAGGGAAGGATGGAGCTAGTGAGCCACCATTCTGGGGTACGCGTCCTCAGAGTTTCCCCCCATTTGTATTTCTTTTGCACGCTTCCAGGACAGGCAGGGAGGAACCTCGTCCAGGTAAAGACACTTCCTGTCCTAGGGATTATAGCGAGTAATCAGTCAGTTAGTCATTGGAATGTGCCCATCTCCCAACTGGGA,109
ENSG00000106683.15;LIMK1;chr7-74120582-74120638-74115367-74115958-74120891-74121029__0:0:0,vae_Kelly_1_to_pos_R2design2,0.053438848630197835,0.03722397884088054,0.49048027254596,0.09068650905395394,ENSG00000106683.15;LIMK1;chr7-74120582-74120638-74115367-74115958-74120891-74121029__0:0:0__vae_Kelly_1_to_pos_R2design2,"622,653,556","703,677,532","43,36,42,21,22,30,23,41,83","725,722,697,591,609,676,229,423,815",1,1,0,0,1831,341,1912,5487,0.4891798022976222,0.05851063829787234,0.43066916399974986,TRUE,vae_Kelly_1_to_pos,R2design2,CGGCCGGTTCATCCTCCCAGCTGGCCTGGTCCCCTGCCTTTTGGCATCCCTGGCACCCCCATGTGTTCATCTGCTGACAGTCGGTCTCTTTCTCTTGCACGCTGCCATGACAGGAAGGGAGATATGTAGTCCAGGTAAAGATTCTTGTTCGCCTAGGGATCATAGTTAGGAATCAGTTAGTTAGTTACCTGGGCTCCTCCCCACTCACCCAGGCT,107
ENSG00000106683.15;LIMK1;chr7-74120582-74120638-74115367-74115958-74120891-74121029__0:0:0,vae_Kelly_1_to_pos_R2design3,0.13633784158678466,0.08592076657454363,0.7720158292958487,0.21975047041910267,ENSG00000106683.15;LIMK1;chr7-74120582-74120638-74115367-74115958-74120891-74121029__0:0:0__vae_Kelly_1_to_pos_R2design3,"2695,2707,2482","802,813,715","294,253,247,152,150,160,120,193,419","1777,1690,1558,1512,1701,1714,392,809,1385",1,1,0,0,7884,1988,2330,12538,0.7718817309575093,0.13685804763871678,0.6350236833187926,TRUE,vae_Kelly_1_to_pos,R2design3,CGGCCGGTTCATCCTCCCAGCTGGCCTGGTCCCCTGCCTTTTGGCATCCCTGGCACCCCCATGTGTTCATCTGCTGACAGTCGGTCTCTTTCTCTTGCACGCTGCCATGACAGGAAGGGAGATATGTACTCCAGGTAAAGATTCTTGTTCGCGTAGGGATCATAGTTAGGAATCAGTTAGTTAGTTACCTGAGCTCCTCCCCACTCACCCAGGCT,107
ENSG00000106683.15;LIMK1;chr7-74120582-74120638-74115367-74115958-74120891-74121029__0:0:0,vae_Kelly_1_to_pos_R2design4,0.028697880821214668,0.013361146508312856,0.3215354202179507,0.040457632459178564,ENSG00000106683.15;LIMK1;chr7-74120582-74120638-74115367-74115958-74120891-74121029__0:0:0__vae_Kelly_1_to_pos_R2design4,"669,653,626","1349,1488,1282","24,25,33,7,18,13,13,32,53","883,899,980,862,952,952,383,645,1231",1,1,0,0,1948,218,4119,7787,0.3210812592714686,0.027232979387882574,0.29384827988358603,TRUE,vae_Kelly_1_to_pos,R2design4,CGGCCGGTTCATCCTCCCAGCTGGCCTGGTCCCCTGCCTTTTGGCATCCCTGGCACCCCCATGTGTTCATCTGCTGACAGTCGGTCTCTTTCTCTTGCACGCTGCCATGACAGGAAGGGAGATATGTAGTCCAGGTAAAGATTCTTGTTCGCCTAGGGATCATAGTTAGTAGTCAGTTAGTTAGATACCTGAGCTCCTCCCCACTCACCCAGGCT,108
ENSG00000106683.15;LIMK1;chr7-74120582-74120638-74115367-74115958-74120891-74121029__0:0:0,vae_Kelly_1_to_pos_R2design5,0.017666791495829833,0.009021737807450893,0.212335632580608,0.049910737410737434,ENSG00000106683.15;LIMK1;chr7-74120582-74120638-74115367-74115958-74120891-74121029__0:0:0__vae_Kelly_1_to_pos_R2design5,"1332,1192,1175","4748,4681,4291","55,55,67,26,44,37,38,50,114","3321,3372,3176,3489,4023,4144,592,1198,2196",1,1,0,0,3699,486,13720,25511,0.212354325736265,0.018694464745932223,0.19365986099033278,TRUE,vae_Kelly_1_to_pos,R2design5,CGGCCGGTTCATCCTCCCAGCTGGCCTGGTCCCCTGCCTTTTGGCATCCCTGGCACCCCCATGTGTTCATCTGCTGACAGTCGGTCTCTTTCTCTTGCACGCTGCCATGACAGGAAGGGAGATATGTAGTCCAGGTAAAGATACTTGTTCTCCTAGGGATCATAGTTAGTAGTCAGTTAGTTAGTTACCTGAGCTCCTCCCCACTCACCCAGGCT,106
ENSG00000106683.15;LIMK1;chr7-74120582-74120638-74115367-74115958-74120891-74121029__0:0:0,vae_Kelly_1_to_pos_R2design6,0.15110021976127166,0.17559106770321267,0.6852316568353587,0.251528732189534,ENSG00000106683.15;LIMK1;chr7-74120582-74120638-74115367-74115958-74120891-74121029__0:0:0__vae_Kelly_1_to_pos_R2design6,"874,933,840","429,410,377","230,260,253,151,146,158,66,172,337","1344,1428,1399,619,758,776,266,477,822",1,1,0,0,2647,1773,1216,7889,0.6852187419104323,0.18350238045953218,0.5017163614509002,TRUE,vae_Kelly_1_to_pos,R2design6,CGGCCGGTTCATCCTCCCAGCTGGCCTGGTCCCCTGCCTTTTGGCATCCCTGGCACCCCCATGTGTTCATCTGCTGACAGTCGGTCTCTTTCTCTTGCACGCTGCCATGACGGGAAGGGAGATATGTACTCCAGGTAAAGATTCTTGTTCGCCTAGGGATCATAGTTAGGAATCAGTTAGTTAGTTACCTGAGCTCCTCCCCACTCACCCAGGCT,107
ENSG00000106683.15;LIMK1;chr7-74120582-74120638-74115367-74115958-74120891-74121029__0:0:0,vae_Kelly_1_to_pos_R2design8,0.05356070594715467,0.0280640311327717,0.474448217219589,0.10519693336454766,ENSG00000106683.15;LIMK1;chr7-74120582-74120638-74115367-74115958-74120891-74121029__0:0:0__vae_Kelly_1_to_pos_R2design8,"3439,3409,3314","3884,3995,3404","253,234,243,114,118,130,95,175,341","4391,4283,4224,3743,4243,4584,825,1520,2785",1,1,0,0,10162,1703,11283,30598,0.4738633714152483,0.052722825918702206,0.4211405454965461,TRUE,vae_Kelly_1_to_pos,R2design8,CGGCCGGTTCATCCTCCCAGCTGGCCTGGTCCCCTGCCTTTTGGCATCCCTGGCACCCCCATGTGTTCATCTGCTGACAGTCGGTCTCTTTCTCTTGCACGCTGCCATGACAGGAAGGGAGATATGTAGTCCAGGTAAAGATTCTTGTTCGCCTAGGGATCATAGTTGGTAATCAGTTAGTTAGTTACCTGAGCTCCTCCCCACTCACCCAGGCT,107
ENSG00000106683.15;LIMK1;chr7-74120582-74120638-74115367-74115958-74120891-74121029__0:0:0,vae_Kelly_1_to_pos_R2design9,0.04382261783153983,0.0369296602204567,0.4706995309222363,0.09231466428173524,ENSG00000106683.15;LIMK1;chr7-74120582-74120638-74115367-74115958-74120891-74121029__0:0:0__vae_Kelly_1_to_pos_R2design9,"1523,1555,1460","1702,1801,1604","105,90,86,85,103,90,55,103,229","2010,2045,2082,2169,2509,2585,566,1036,2109",1,1,0,0,4538,946,5107,17111,0.4705028512182478,0.05238965498144764,0.41811319623680016,TRUE,vae_Kelly_1_to_pos,R2design9,CGGCCGGTTCATCCTCCCAGCTGGCCTGGTCCCCTGCCTTTTGGCATCCCTGGCACCCCCATGTGTTCATCTGCTGACAGTCGGTCTCTTTCTCTTGCACGCTGCCGTGACAGGAAGGGAGATATGTAGTCCAGGTAAAGATTCTTGTTCGCCTAGGGATCATAGTTAGATGTCAGTTAGTTAGTTACCTGAGCTCCTCCCCACTCACCCAGGCT,106
ENSG00000110801.14;PSMD9;chr12-121903005-121903107-121897270-121899845-121915855-121915944__0:0:0,vae_Kelly_1_to_pos_R2design6,0.18121380263698267,0.26171775661599533,0.5039426616525566,0.43319261506811096,ENSG00000110801.14;PSMD9;chr12-121903005-121903107-121897270-121899845-121915855-121915944__0:0:0__vae_Kelly_1_to_pos_R2design6,"2086,1992,2021","2062,2038,1906","411,444,405,562,689,719,287,562,1227","1992,1826,1883,1646,1890,2010,412,782,1379",1,1,2.26372341078e-5,4.45397509682e-4,6099,5306,6006,13820,0.5038413878562578,0.27742340269789817,0.2264179851583596,TRUE,vae_Kelly_1_to_pos,R2design6,GTATTGAATTTTAGAGACCACCAGGAGCACACTGAACCTCTAGCCTGATTTTCCATTTTTCCTTCCCTCTCCAGGGTCTGCAAGTGTATTTTTATTGCATGCTGCCCGGGCAGGGGGGCAGTCAGAACGTCCAGGTAAAGAATAACATTGTCCTAGGGATGATAGACAGTAGTGAGGTAGTTAGTTCTACCTGGTGTCTCGGTCTGTTTGGGTTT,108
ENSG00000113889.14;KNG1;chr3-186739098-186739206-186732501-186732674-186743704-186743805__0:0:0,vae_Kelly_1_to_pos_R2design2,0.09607583094189413,0.1054348673584707,0.25963317670833436,0.12272359631097167,ENSG00000113889.14;KNG1;chr3-186739098-186739206-186732501-186732674-186743704-186743805__0:0:0__vae_Kelly_1_to_pos_R2design2,"1227,1207,1146","3457,3533,3223","269,234,221,300,349,334,67,127,274","2319,2263,2219,2523,2815,3015,491,910,1907",1,1,4.69643733048e-6,9.93783861535e-5,3580,2175,10213,18462,0.2595519466395998,0.10539322575955808,0.15415872088004173,TRUE,vae_Kelly_1_to_pos,R2design2,ATTTCTTAAAGATAAATGATTTATTATGCAAATATTTTTAAGCGTTTACTTTGTACTAATTAATTTTTCAGGTGGTGGCTGGCATGTATTTTTTTTGCACGCTCGCGTGGCAGGAAGGCAGATATTCCGAGAAGGTAAAGAAAGAGTTTACCCTAGGGAGTGTAGCCAGAAATCAGGTAGTTAGTAATCATGCACCTGTCTACTTTTTCACTGGA,108
ENSG00000113889.14;KNG1;chr3-186739098-186739206-186732501-186732674-186743704-186743805__0:0:0,vae_Kelly_1_to_pos_R2design3,0.3801694353980717,0.444130291100649,0.708181309141063,0.3551507046620223,ENSG00000113889.14;KNG1;chr3-186739098-186739206-186732501-186732674-186743704-186743805__0:0:0__vae_Kelly_1_to_pos_R2design3,"2023,2002,1910","820,880,749","480,501,456,533,561,621,152,252,553","763,805,774,659,753,734,285,479,930",1,1,0,0,5935,4109,2449,6182,0.7078959923664122,0.39928092508016716,0.30861506728624505,TRUE,vae_Kelly_1_to_pos,R2design3,ATTTCTTAAAGATAAATGATTTATTATGCAAATATTTTTAAGCGTTTACTTTGTACTAATTAATTTTTCAGGTGGTGGCTGGCATGTATTTTTTTTGCACGCTCGCGTGGCGGGAAGGCAGATATTCCGAAAAGGTAAAGGAAGAGTTTACCCTAGGGAGTGTAGCCAGAAATCAGGTAGTTAGTAATCATGCACCTGTCTACTTTTTCACTGGA,107
ENSG00000113889.14;KNG1;chr3-186739098-186739206-186732501-186732674-186743704-186743805__0:0:0,vae_Kelly_1_to_pos_R2design4,0.7046149064431281,0.827045013442028,0.9262273773405266,0.7029854249472064,ENSG00000113889.14;KNG1;chr3-186739098-186739206-186732501-186732674-186743704-186743805__0:0:0__vae_Kelly_1_to_pos_R2design4,"4386,4387,4128","343,346,338","1726,1627,1676,1808,2093,2142,405,719,1580","724,702,682,389,430,443,192,308,583",1,1,5.27331622813e-10,1.29978552744e-8,12901,13776,1027,4453,0.9262636415852958,0.7557189094300291,0.17054473215526678,TRUE,vae_Kelly_1_to_pos,R2design4,ATTTCTTAAAGATAAATGATTTATTATGCAAATATTTTTAAGCGTTTACTTTGTACTAATTAATTTTTCAGGTGGTGGCTGGCATGAATTTTTTTTGCACGCTCGCGTGGCGGGAAGGCAGATGTTCCGAGAAGGTAAATGAAGAGTTTACCCTAGGGAGTGTAGCCAGAAATCAGGTAGTTAGTAATCATGCACCTGTCTACTTTTTCACTGGA,108
ENSG00000113889.14;KNG1;chr3-186739098-186739206-186732501-186732674-186743704-186743805__0:0:0,vae_Kelly_1_to_pos_R2design5,0.705171380403821,0.7041824173408846,0.8647336885477693,0.6984333976082396,ENSG00000113889.14;KNG1;chr3-186739098-186739206-186732501-186732674-186743704-186743805__0:0:0__vae_Kelly_1_to_pos_R2design5,"4165,3884,3971","633,642,604","1302,1229,1163,1164,1350,1414,150,311,678","489,534,519,477,553,624,64,150,264",1,1,9.86124947255e-8,2.21187825669e-6,12020,8761,1879,3674,0.8648104180156846,0.7045436268596703,0.16026679115601428,TRUE,vae_Kelly_1_to_pos,R2design5,ATTTCTTAAAGATAAATGATTTATTATGCAAATATTTTTAAGCGTTTACTTTGTACTAATTAATTTTTCAGGTGGTGGCTGGCATGTATTTTTTTTGCACGCTCGCGTCGCGGGAAGGCAGATATTCCGAGAAGGTAAAGGAAGAGTTTACCGTAGGGAGTGTAGCCAGAAATCAGGTAGTTAGTAATCATGCACCTGTCTACTTTTTCACTGGA,108
ENSG00000113889.14;KNG1;chr3-186739098-186739206-186732501-186732674-186743704-186743805__0:0:0,vae_Kelly_1_to_pos_R2design6,0.313512493180175,0.3745299876454817,0.6994035702793691,0.361516627035698,ENSG00000113889.14;KNG1;chr3-186739098-186739206-186732501-186732674-186743704-186743805__0:0:0__vae_Kelly_1_to_pos_R2design6,"2746,2504,2478","1093,1183,1043","677,658,645,799,899,935,162,300,548","1464,1445,1426,1300,1564,1539,278,530,996",1,1,0,0,7728,5623,3319,10542,0.6995564406626233,0.34785029384472627,0.3517061468178971,TRUE,vae_Kelly_1_to_pos,R2design6,ATTTCTTAAAGATAAATGATTTATTATGCAAATATTTTTAAGCGTTTACTTTGTACTAATTAATTTTTCAGGTGGTGGCTGGCATGTATTTTTTTTGCACGCTCGCGTCGCAGGAAGGCAGATGTTCCAAGAAGGTAAAGGAAGAGTTTACCGTAGGGAGTGTAGCCAGAAATCAGGTAGTTAGTAATCATGCACCTGTCTACTTTTTCACTGGA,106
ENSG00000113889.14;KNG1;chr3-186739098-186739206-186732501-186732674-186743704-186743805__0:0:0,vae_Kelly_1_to_pos_R2design7,0.17482582531360233,0.168532737929297,0.3516514200442787,0.16414541909127334,ENSG00000113889.14;KNG1;chr3-186739098-186739206-186732501-186732674-186743704-186743805__0:0:0__vae_Kelly_1_to_pos_R2design7,"799,712,713","1429,1401,1271","183,169,174,198,206,218,31,44,103","837,824,821,954,1064,1053,139,243,554",1,1,5.88341023677e-8,1.33297870314e-6,2224,1326,4101,6489,0.3516205533596838,0.16967370441458735,0.18194684894509644,TRUE,vae_Kelly_1_to_pos,R2design7,ATTTCTTAAAGATAAATGATTTATTATGCAAATATTTTTAAGCGTTTACTTTGTACTAATTAATTTTTCAGGTGGTGGCTGGCATGTATTTTTTTTGCACGCTCGCGTGGCGGGAAGGCAGATATTCCAAGAAGGTAAAGGAAGAGTTTACCCTAGGGAGTGTAGCCAGAAATCAGGTAGTTAGTAATCATGCACCTGTCTACTTTTTCACTGGA,106
ENSG00000113889.14;KNG1;chr3-186739098-186739206-186732501-186732674-186743704-186743805__0:0:0,vae_Kelly_1_to_pos_R2design8,0.226805030177466,0.22287825022328933,0.42802199951158265,0.19021590209521266,ENSG00000113889.14;KNG1;chr3-186739098-186739206-186732501-186732674-186743704-186743805__0:0:0__vae_Kelly_1_to_pos_R2design8,"1628,1508,1581","2132,2166,2007","441,422,386,353,398,412,134,197,527","1465,1418,1371,1214,1432,1412,560,972,1994",1,1,6.3615779311e-13,1.74012430481e-11,4717,3270,6305,11838,0.4279622573035747,0.2164416203335981,0.21152063696997658,TRUE,vae_Kelly_1_to_pos,R2design8,ATTTCTTAAAGATAAATGATTTATTATGCAAATATTTTTAAGCGTTTACTTTGTACTAATTAATTTTTCAGGTGGTGGCTGGCATGTATTTTTTTTGCACGCTCGCGTGGCAGGAAGGCAGATGTTCCGAGAAGGTAAAGGAAGAGTTTACCCTAGGGAGTGTAGCCAGAAATCAGGTAGTTAGTAATCATGCACCTGTCTACTTTTTCACTGGA,108
ENSG00000113889.14;KNG1;chr3-186739098-186739206-186732501-186732674-186743704-186743805__0:0:0,vae_Kelly_1_to_pos_R2design9,0.23210157059714567,0.24459545767274632,0.500461632347004,0.200146977675525,ENSG00000113889.14;KNG1;chr3-186739098-186739206-186732501-186732674-186743704-186743805__0:0:0__vae_Kelly_1_to_pos_R2design9,"355,282,346","352,334,293","72,97,78,84,84,84,47,72,98","261,291,261,250,257,272,166,270,481",1,1,0,0,983,716,979,2509,0.5010193679918451,0.222015503875969,0.2790038641158761,TRUE,vae_Kelly_1_to_pos,R2design9,ATTTCTTAAAGATAAATGATTTATTATGCAAATATTTTTAAGCGTTTACTTTGTACTAATTAATTTTTCAGGTGGTGGCTGGCATGTATTTTTTTTGCACGCTCGCGTGGCAGGAAGGCAGATGTTCCGAGAAGGTAAAGGAAGAGTTTACCCTAGGGAGTGTAGCCAGAAGTCAGGTAGTTAGTAATCATGCACCTGTCTACTTTTTCACTGGA,107
ENSG00000116584.20;ARHGEF2;chr1-155983106-155983200-155969155-155969300-156002440-156002564__0:0:0,vae_Kelly_1_to_pos_R2design2,0.6456964691347816,0.7706830979640713,0.9007002001022046,0.8108957711376157,ENSG00000116584.20;ARHGEF2;chr1-155983106-155983200-155969155-155969300-156002440-156002564__0:0:0__vae_Kelly_1_to_pos_R2design2,"4711,4658,4384","531,527,460","1925,1962,1925,1965,2241,2379,681,1224,2561","1063,1067,1059,586,693,679,170,292,543",1,1,2.90652854305e-4,0.00530027928623,13753,16863,1518,6152,0.9005959007268679,0.7326960677818813,0.16789983294498656,TRUE,vae_Kelly_1_to_pos,R2design2,CCATCTCTCAGGAAGTTATCTTTTTCTTCATTTCCAGCATTACCTCCATCTCCTCATGTCTTCTTTTTCTCTATGCAGCTGCAGCCTGTTTCTATTGCATGCTGGCACGGGAGGAGGGGAGTCCCTGCGACAAGGTAAAGGCTTTCTCTCGCCTAGGGATGGTAGGGAGAAGTTAGGAAGTTACTTAGGAAGCAGGAGGCTTGGGACCCACTGCC,98
ENSG00000116584.20;ARHGEF2;chr1-155983106-155983200-155969155-155969300-156002440-156002564__0:0:0,vae_Kelly_1_to_pos_R2design3,0.5136849360169297,0.661931571672788,0.8663180956748633,0.8019702772378083,ENSG00000116584.20;ARHGEF2;chr1-155983106-155983200-155969155-155969300-156002440-156002564__0:0:0__vae_Kelly_1_to_pos_R2design3,"1391,1375,1336","209,219,205","501,527,536,641,733,762,213,414,768","469,506,506,356,351,381,66,98,153",1,1,3.73913032941e-4,0.00670949546309,4102,5095,633,2886,0.8663146779303063,0.6383911790502443,0.22792349888006191,TRUE,vae_Kelly_1_to_pos,R2design3,CCATCTCTCAGGAAGTTATCTTTTTCTTCATTTCCAGCATTACCTCCATCTCCTCATGTCTTCTTTTTCTCTATGCAGCTGCAGCCTGTTTCTATTGCATGCTGGCACGGGAGGAGGGGAGTCCCTGCGACAAGGTAAAGGCTTTCTCTCGCCTAGGGATTGTAGGGAGAAGTTAGTAAGTTACTTAGGAAACAGGAGGCTTGGGACCCACTGCC,100
ENSG00000119655.11;NPC2;chr14-74480710-74480779-74479941-74480288-74484414-74484587__0:0:0,vae_Kelly_0_to_pos_R2design13,0.029855199224573865,0.07739052872113916,0.196389031532068,0.08023685807120516,ENSG00000119655.11;NPC2;chr14-74480710-74480779-74479941-74480288-74484414-74484587__0:0:0__vae_Kelly_0_to_pos_R2design13,"294,294,284","1185,1256,1131","48,56,59,113,91,102,40,77,141","1780,1817,1707,1110,1228,1339,484,790,1725",1,1,2.58896552789e-4,0.00475987678611,872,727,3572,11980,0.19621962196219622,0.057212560006295744,0.13900706195590048,TRUE,vae_Kelly_0_to_pos,R2design13,ACTTTACATCTAGGATTCATAGTTAAACCAATTATGGATAGAAGTCAGGTCCTATTTTCATTTTTCTCAATTATTTTTCTCTTTCTCTTTCTATTGCACGCTGCCGAGGGAGGAAGGCAGGAAGACAGAAACGGTAAAGTCTTCTGCTGTCCTAGGGAATATAGGAAGGTATGAGTAAGTTAGTTTGAGAGGGCATGGGTGGAGGGAAGAAAGT,102
ENSG00000121064.13;SCPEP1;chr17-56985377-56985427-56981081-56981230-56991098-56991171__0:0:0,vae_Kelly_0_to_pos_R2design1,0.2668530503069683,0.4930258197214767,0.8244696258081217,0.368298495274608,ENSG00000121064.13;SCPEP1;chr17-56985377-56985427-56981081-56981230-56991098-56991171__0:0:0__vae_Kelly_0_to_pos_R2design1,"5611,5463,5223","1221,1226,1029","946,928,864,1690,2007,2179,255,449,913","2557,2573,2391,1759,2119,2156,418,819,1542",1,1,0,0,16297,10231,3476,16334,0.8242047236130077,0.38513081121776777,0.4390739123952399,TRUE,vae_Kelly_0_to_pos,R2design1,GCCATCACTAACTCATAAACCATCTATAGCAAATGTGGTCATTCATTGTAAAGACTAAGATCTGACTAAAATTTTTGTTTGTTTCTTCTTTCTTTTGCACGCTGGCCCAGGAGGGAGGAAGACAGGCATTAAAGGTAAAGATAAAATTTGTCCCAGGGATAGTAGTCAGAAGTCAGTTAGTTACTCCTGGGTACAGTGAGGACAGTCCTGAGCTA,96
ENSG00000121064.13;SCPEP1;chr17-56985377-56985427-56981081-56981230-56991098-56991171__0:0:0,vae_Kelly_0_to_pos_R2design10,0.17920744565284266,0.37730423502765537,0.7684548951098203,0.2464349030796147,ENSG00000121064.13;SCPEP1;chr17-56985377-56985427-56981081-56981230-56991098-56991171__0:0:0__vae_Kelly_0_to_pos_R2design10,"1534,1418,1454","470,440,418","176,210,163,395,448,480,63,145,253","857,819,836,613,762,818,227,405,726",1,1,0,0,4406,2333,1328,6063,0.7683990233693756,0.2778704144830872,0.4905286088862884,TRUE,vae_Kelly_0_to_pos,R2design10,GCCATCACTAACTCATAAACCATCTATAGCAAATGTGGTCATTCATTGTAAAGACTAAGATCTGACTAAAATTTTTGTTTGTTTCTTCTTTCTTTTGCACGCTGGCCCAGGAGGGAGGAAGACAGGAAGTGAAGGTAAAGATAAAATTTGGCCCAGGGACAGTAGTCAGAAGTCAGTGAGTTACTCATGGGTACAGTGAGGACAGTCCTGAGCTA,99
ENSG00000121064.13;SCPEP1;chr17-56985377-56985427-56981081-56981230-56991098-56991171__0:0:0,vae_Kelly_0_to_pos_R2design2,0.4304111341780103,0.6150989448240051,0.8633363739608934,0.577716228519899,ENSG00000121064.13;SCPEP1;chr17-56985377-56985427-56981081-56981230-56991098-56991171__0:0:0__vae_Kelly_0_to_pos_R2design2,"3289,3076,2897","507,509,450","713,662,739,890,994,1052,87,177,321","911,877,1012,555,658,624,60,108,296",1,1,0,0,9262,5635,1466,5101,0.8633482475764355,0.5248695976154992,0.33847864996093624,TRUE,vae_Kelly_0_to_pos,R2design2,GCCATCACTAACTCATAAACCATCTATAGCAAATGTGGTCATTCATTGTAAAGACTAAGATCTGACTAAAATTTTTGTTTGTTTCTTCTTTCTTTTGCACGCTGGCCCAGGAGGGAGGAAGACAGGCATTGAAGGTAAAGATAAAATTTGTCCCAGGGATAGTAGTCAGAAATCAGGTAGTTACTCATGGGTACAGTGAGGACAGTCCTGAGCTA,98
ENSG00000121064.13;SCPEP1;chr17-56985377-56985427-56981081-56981230-56991098-56991171__0:0:0,vae_Kelly_0_to_pos_R2design3,0.0184405600728226,0.024405257621689835,0.39807613039476,0.040811649865057933,ENSG00000121064.13;SCPEP1;chr17-56985377-56985427-56981081-56981230-56991098-56991171__0:0:0__vae_Kelly_0_to_pos_R2design3,"2111,1996,1912","3067,3204,2836","68,52,41,71,105,97,16,38,65","2877,2848,2826,3198,3720,3937,429,767,1590",1,1,0,0,6019,553,9107,22192,0.3979241041914584,0.024313035832051,0.3736110683594074,TRUE,vae_Kelly_0_to_pos,R2design3,GCCATCACTAACTCATAAACCATCTATAGCAAATGTGGTCATTCATTGTAAAGACTAAGATCTGACTAAAATTTTTGTTTGTTTCTTCTCTCTTTTGCACGCTGGCCCAGGAGGGAGGGAGACAGGAATTGAAGGTAAAGATAAAATTTGTCCCAGGGATAGTAGTCAGAAATCAGTTAGTTACTCCTGGGTACAGTGAGGACAGTCCTGAGCTA,96
ENSG00000121064.13;SCPEP1;chr17-56985377-56985427-56981081-56981230-56991098-56991171__0:0:0,vae_Kelly_0_to_pos_R2design4,0.18536596651391898,0.45056284086410436,0.7778814741056567,0.215506906694313,ENSG00000121064.13;SCPEP1;chr17-56985377-56985427-56981081-56981230-56991098-56991171__0:0:0__vae_Kelly_0_to_pos_R2design4,"1360,1303,1237","391,388,336","159,156,182,417,470,523,28,55,114","773,683,730,527,588,600,99,224,384",1,1,0,0,3900,2104,1115,4608,0.7776669990029911,0.3134684147794994,0.4641985842234917,TRUE,vae_Kelly_0_to_pos,R2design4,GCCATCACTAACTCATAAACCATCTATAGCAAATGTGGTCATTCATTGTAAAGACTAAGATCTGACTAAAATTTTTGTTTGTTTCTTCTTTCTTTTGCACGCTGGCCCAGGAGGGAGGAAGACAGGAATTGAAGGTAAAGATAAAATTTGGCCCAGGGATAGTAGTCAGAAGTCAGTTAGTTACTCCTGGGTACAGTGAGGACAGTCCTGAGCTA,97
ENSG00000121064.13;SCPEP1;chr17-56985377-56985427-56981081-56981230-56991098-56991171__0:0:0,vae_Kelly_0_to_pos_R2design5,0.233237562575825,0.43743676242739565,0.783303281299326,0.23369032156204034,ENSG00000121064.13;SCPEP1;chr17-56985377-56985427-56981081-56981230-56991098-56991171__0:0:0__vae_Kelly_0_to_pos_R2design5,"2527,2460,2289","687,697,629","282,255,285,535,562,590,87,152,331","900,904,897,672,719,781,284,538,1013",1,1,0,0,7276,3079,2013,6708,0.7832920658843794,0.3146010013282926,0.4686910645560868,TRUE,vae_Kelly_0_to_pos,R2design5,GCCATCACTAACTCATAAACCATCTATAGCAAATGTGGTCATTCATTGTAAAGACTAAGATCTGACTAAAATTTTTGTTTGTTTCTTCTTTCTTTTGCACGCTGGCCCAGGAGGGAGGAAGACAGGAATTGAAGGTAAAGAGAAAATTTGGCCCAGGGATAGTAGTCAGAAATCAGTTAGTTACTCCTGGGTACAGTGAGGACAGTCCTGAGCTA,96
ENSG00000121064.13;SCPEP1;chr17-56985377-56985427-56981081-56981230-56991098-56991171__0:0:0,vae_Kelly_0_to_pos_R2design6,0.07720380297153936,0.14727103845307232,0.611924992005603,0.10504521366075903,ENSG00000121064.13;SCPEP1;chr17-56985377-56985427-56981081-56981230-56991098-56991171__0:0:0__vae_Kelly_0_to_pos_R2design6,"610,639,616","417,413,355","30,45,38,67,67,76,44,86,108","477,452,426,380,399,437,359,645,1115",1,1,0,0,1865,561,1185,4690,0.6114754098360655,0.10683679299181108,0.5046386168442545,TRUE,vae_Kelly_0_to_pos,R2design6,GCCATCACTAACTCATAAACCATCTATAGCAAATGTGGTCATTCATTGTAAAGACTAAGATCTGACTAAAATTTTTGTTTGTTTCTTCTTTCTTTTGCACGCTGGCCCAGGAGGGAGGAAGACAGGAAGTGAAGGTAAAGATAAAATTTGGCCTAGGGATAGTAGTCAGAAGTCAGGTAGTTACTCCTGGGTACAGTGAGGACAGTCCTGAGCTA,98
ENSG00000121064.13;SCPEP1;chr17-56985377-56985427-56981081-56981230-56991098-56991171__0:0:0,vae_Kelly_0_to_pos_R2design7,0.217433219379675,0.4043234454975957,0.7482702919803057,0.33140606497669367,ENSG00000121064.13;SCPEP1;chr17-56985377-56985427-56981081-56981230-56991098-56991171__0:0:0__vae_Kelly_0_to_pos_R2design7,"791,770,709","258,260,245","124,115,121,220,227,260,116,195,380","427,451,419,327,357,356,226,393,795",1,1,0,0,2270,1758,763,3751,0.7484338938344873,0.31911417680159737,0.42931971703288996,TRUE,vae_Kelly_0_to_pos,R2design7,GCCATCACTAACTCATAAACCATCTATAGCAAATGTGGTCATTCATTGTAAAGACTAAGATCTGACTAAAATTTTTGTTTGTTTCTTCTTTCTTTTGCACGCTGGCCCAGGAGGGAGGAAGACAGGAATTGAAGGTAAAGATAAAATTTGGCCTAGGGATAGTAGTCAGAAATCAGGTAGTTACTCATGGGTACAGTGAGGACAGTCCTGAGCTA,98
ENSG00000121064.13;SCPEP1;chr17-56985377-56985427-56981081-56981230-56991098-56991171__0:0:0,vae_Kelly_0_to_pos_R2design8,0.6339240665955587,0.8284078277832626,0.9495536268258403,0.4881327757868987,ENSG00000121064.13;SCPEP1;chr17-56985377-56985427-56981081-56981230-56991098-56991171__0:0:0__vae_Kelly_0_to_pos_R2design8,"4615,4579,4291","266,256,197","876,853,837,1315,1408,1457,284,506,942","512,483,487,251,324,293,303,523,985",1,1,5.765277144580001e-12,1.53946626611e-10,13485,8478,719,4161,0.9493804562095185,0.6707809162117256,0.27859953999779286,TRUE,vae_Kelly_0_to_pos,R2design8,GCCATCACTAACTCATAAACCATCTATAGCAAATGTGGTCATTCATTGTAAAGACTAAGATCTGACTAAAATTTTTGTTTGTTTCTTCTTTCTTTTGCACGCTGGCCCAGGAGGGAGGAAGACAGGAATTGAAGGTAAAGATAAAATTTGGCCCAGGGATAGTAGTCAGAAGTCAGGTAGTTACTCATGGGTACAGTGAGGACAGTCCTGAGCTA,99
ENSG00000121064.13;SCPEP1;chr17-56985377-56985427-56981081-56981230-56991098-56991171__0:0:0,vae_Kelly_0_to_pos_R2design9,0.21563099855398365,0.43513055034380566,0.7725287870362183,0.34944745756869067,ENSG00000121064.13;SCPEP1;chr17-56985377-56985427-56981081-56981230-56991098-56991171__0:0:0__vae_Kelly_0_to_pos_R2design9,"3675,3480,3250","1036,1132,901","544,542,510,1035,1231,1289,175,340,641","1940,2004,1862,1404,1578,1622,312,673,1173",1,1,0,0,10405,6307,3069,12568,0.7722279946563753,0.33414569536423844,0.4380822992921368,TRUE,vae_Kelly_0_to_pos,R2design9,GCCATCACTAACTCATAAACCATCTATAGCAAATGTGGTCATTCATTGTAAAGACTAAGATCTGACTAAAATTTTTGTTTGTTTCTTCTTTCTTTTGCACGCTGGCCCAGGAGGGAGGAAGACAGGAATTGAAGGTAAAGAGAAAATTTGGCCCAGGGATAGTAGTCAGAAATCAGGTAGTTACTCATGGGTACAGTGAGGACAGTCCTGAGCTA,98
ENSG00000128731.18;HERC2;chr15-28121345-28121429-28117012-28117154-28124036-28124234__0:0:0,vae_Kelly_1_to_pos_R2design3,0.38463353420971463,0.690169319017638,0.781461380462757,0.3671037050152017,ENSG00000128731.18;HERC2;chr15-28121345-28121429-28117012-28117154-28124036-28124234__0:0:0__vae_Kelly_1_to_pos_R2design3,"2876,2817,2536","826,796,683","702,710,729,1560,1767,1824,139,248,488","1141,1137,1147,704,756,854,233,447,828",1,1,5.39947527578e-7,1.1645214465e-5,8229,8167,2305,7247,0.7811847351433454,0.5298429998702479,0.25134173527309756,TRUE,vae_Kelly_1_to_pos,R2design3,TTAAACAAAACTATGTGATGATTTCTTCAGGAGTGATGCTTTCCATATCAGATTCTAAATTTTGTCTGTTTGATGTGTTTTAGGTGTCTTCTTTTTGCACGCTAGCACAAGAGGCAGGGAGACACGAAGGACAGGTAAAGACCGTCGTTGACCTAGGGAGCATAGAGGGAAGTCAGTTAGTTAACTATCCAAGTCTGACAGCCTTAGAAGTGATG,102
ENSG00000128731.18;HERC2;chr15-28121345-28121429-28117012-28117154-28124036-28124234__0:0:0,vae_Kelly_1_to_pos_R2design4,0.47328445461966434,0.7391211222088283,0.8121012660959154,0.44581725425453234,ENSG00000128731.18;HERC2;chr15-28121345-28121429-28117012-28117154-28124036-28124234__0:0:0__vae_Kelly_1_to_pos_R2design4,"669,632,596","140,152,146","229,220,202,266,327,288,79,185,330","273,216,238,89,106,116,110,233,362",1,1,1.92528624119e-5,3.82160799911e-4,1897,2126,438,1743,0.8124197002141328,0.5494959937968468,0.262923706417286,TRUE,vae_Kelly_1_to_pos,R2design4,TTAAACAAAACTATGTGATGATTTCTTCAGGAGTGATGCTTTCCATATCAGATTCTAAATTTTGTCTGTTTGATGTGTTTTAGGTGTCTTCTTTTTGCACGCTAGCACAAGAGGCAGGGAGACACGAACGTCAGGTAAAGACCGTCGTTGACCTAGGGAGCATAGAGGGAAGTCAGTTAGTTAACTCTCCAAGTCTGACAGCCTTAGAAGTGATG,104
ENSG00000128731.18;HERC2;chr15-28121345-28121429-28117012-28117154-28124036-28124234__0:0:0,vae_Kelly_1_to_pos_R2design6,0.41286542602169635,0.682847570538,0.8233058526208807,0.419680216008961,ENSG00000128731.18;HERC2;chr15-28121345-28121429-28117012-28117154-28124036-28124234__0:0:0__vae_Kelly_1_to_pos_R2design6,"2448,2531,2317","501,568,498","714,666,582,1128,1299,1455,175,344,692","943,943,896,522,632,647,252,454,963",1,1,7.26014803831e-11,1.89354791278e-9,7296,7055,1567,6252,0.8231975629019519,0.5301720898775081,0.2930254730244438,TRUE,vae_Kelly_1_to_pos,R2design6,TTAAACAAAACTATGTGATGATTTCTTCAGGAGTGATGCTTTCCATATCAGATTCTAAATTTTGTCTGTTTGATGTGTTTTAGGTGTCTTCTTTTTGCACGCTAGCACAAGAGGCAGGGAGACACGAACGTCAGGTAAAGACCGTCGTTGACCTAGGGAGCATAGAGAGAACTCAGGTAGTTAACTCTCCAAGTCTGACAGCCTTAGAAGTGATG,105
ENSG00000128928.10;IVD;chr15-40407938-40407990-40405484-40405971-40410627-40410797__0:0:0,vae_Kelly_1_to_pos_R2design1,0.009931143476410786,0.008709953178543117,0.24808427905861533,0.0264008913945589,ENSG00000128928.10;IVD;chr15-40407938-40407990-40405484-40405971-40410627-40410797__0:0:0__vae_Kelly_1_to_pos_R2design1,"848,762,783","2474,2549,2242","24,24,15,15,24,30,8,28,40","2123,2105,2028,2418,2662,2690,409,808,1468",1,1,0,0,2393,208,7265,16711,0.24777386622489128,0.012293870796146345,0.23547999542874493,TRUE,vae_Kelly_1_to_pos,R2design1,CCCCTCTCTCTGAAGTGTTTGGGTCTCATTGTTCCAGCCACATGTGACTGGCTGCCTTCCCCTCAACACTTATTCCACTCTGCTCCTTTTTCTTTTGCACGCTTCCGGAAGAGGCAGGGAGACCTGGGCGTAAGGTAAAGAACATCCCCTGCTTAGGGAAGATAGTTAGCAGTAAGTTAGTTATTCTTATGTGCCCTTTAAGACAGTTCCCAAAA,104
ENSG00000128928.10;IVD;chr15-40407938-40407990-40405484-40405971-40410627-40410797__0:0:0,vae_Kelly_1_to_pos_R2design7,0.013041971319176664,0.0062254483440924106,0.278991328978946,0.032504834077097464,ENSG00000128928.10;IVD;chr15-40407938-40407990-40405484-40405971-40410627-40410797__0:0:0__vae_Kelly_1_to_pos_R2design7,"1439,1424,1365","3835,3736,3372","53,28,45,22,18,17,13,22,35","3271,3099,3118,2756,3214,3260,339,616,1306",1,1,0,0,4228,253,10943,20979,0.27868960516775426,0.011915975885455916,0.26677362928229836,TRUE,vae_Kelly_1_to_pos,R2design7,CCCCTCTCTCTGAAGTGTTTGGGTCTCATTGTTCCAGCCACATGTGACTGGCTGCCTTCCCCTCAACACTTATTCCACTCTGCTCCTTTTTCTTTTGCACGCTTCCGGAAGAGGCAGGGAGACCTGGGCGTAAGGTAAAGAACATCCCCTTCTTAGGGAAGATAGTTAGCAGTAAGTTAGTTATTCTTATGTGCCCTTTAAGACAGTTCCCAAAA,104
ENSG00000131100.13;ATP6V1E1;chr22-17613210-17613320-17612613-17612878-17619460-17619526__0:0:0,vae_Kelly_1_to_pos_R2design3,0.115179434627892,0.182496212594372,0.33594506422154,0.16033453497100034,ENSG00000131100.13;ATP6V1E1;chr22-17613210-17613320-17612613-17612878-17619460-17619526__0:0:0__vae_Kelly_1_to_pos_R2design3,"1670,1725,1616","3387,3362,3158","340,368,308,526,617,551,80,157,325","2675,2646,2475,2314,2557,2731,437,847,1588",1,1,3.62917251806e-10,9.35659075633e-9,5011,3272,9907,18270,0.3359029360504089,0.15188933246680902,0.18401360358359986,TRUE,vae_Kelly_1_to_pos,R2design3,GTCACCATCTGTTTAAAACTGTTAATCAAAACTTGATGTAATGAATTAATATTGACTAATTTCCCTCTAGGCAGAAGAAGAGTTCATCTTTCTGTTGCATGCTCCCGTGGCAGGCAGGAAGTTAAAGATTATAGGTAAATATAAGAAGAAACCTAGGGAGAATAGGCAGCAGTAAGTAAGTTAATTAGATCCTGGTTGCAGTATTAAGCTAAGAA,102
ENSG00000132321.17;IQCA1;chr2-236380568-236380633-236377102-236377185-236391975-236392071__-3:0:0,vae_Kelly_1_to_pos_R2design1,0.028546920661020367,0.0232979086339162,0.3043828821555627,0.1042375649120761,ENSG00000132321.17;IQCA1;chr2-236380568-236380633-236377102-236377185-236391975-236392071__-3:0:0__vae_Kelly_1_to_pos_R2design1,"1875,1642,1632","4074,3990,3694","89,90,74,58,86,95,48,70,173","2976,2851,2772,2981,3419,3521,364,714,1445",1,1,0,0,5149,783,11758,21043,0.3045484119003963,0.03587464491890406,0.2686737669814922,TRUE,vae_Kelly_1_to_pos,R2design1,CCCAGAAAACAACGTGCTTAGCTAATTTCTAGGACTTATTTGCTTGCTTGTTTTGACTAAATTGTTGGTTATTTCCTTTTTTTCCTATTTCTATTGCACGCTACCGCAACAGGAAGGAAGAGAAGGCAAAAAGGTAAAGAGATTTGACATCTTAGGGATTATAGATAGAAGTGAGTTAGTTAGTTACGCGTGAGCAGCCCCAGAGAACAGCACA,95
ENSG00000132321.17;IQCA1;chr2-236380568-236380633-236377102-236377185-236391975-236392071__-3:0:0,vae_Kelly_1_to_pos_R2design2,0.0745237159537943,0.0761868476811858,0.5220536433258334,0.15700699403814333,ENSG00000132321.17;IQCA1;chr2-236380568-236380633-236377102-236377185-236391975-236392071__-3:0:0__vae_Kelly_1_to_pos_R2design2,"2021,1842,1808","1798,1773,1620","122,121,126,129,128,130,91,175,312","1553,1531,1500,1397,1584,1747,478,907,1777",1,1,0,0,5671,1334,5191,12474,0.5220953783833548,0.0966106604866744,0.42548471789668046,TRUE,vae_Kelly_1_to_pos,R2design2,CCCAGAAAACAACGTGCTTAGCTAATTTCTAGGACTTATTTGCTTGCTTGTTTTGACTAAATTGTTGGTTATTTCCTTTTTTTCCTATTTCTATTGCACGCTACCGCAACAGGAAGGAAGAGAAGGCAAAAAGGTAAAGATATTTGACATCTTAGGGATGATAGATAGACGTGAGTTAGTTAGTTACGCGTGAGCAGCCCCAGAGAACAGCACA,96
ENSG00000132321.17;IQCA1;chr2-236380568-236380633-236377102-236377185-236391975-236392071__-3:0:0,vae_Kelly_1_to_pos_R2design3,0.0588733349741631,0.04651826912901167,0.38456118926918836,0.15582533181823333,ENSG00000132321.17;IQCA1;chr2-236380568-236380633-236377102-236377185-236391975-236392071__-3:0:0__vae_Kelly_1_to_pos_R2design3,"1861,1874,1676","3003,2943,2711","150,137,157,127,132,147,83,160,326","2460,2338,2304,2520,2818,2992,466,898,1649",1,1,0,0,5411,1419,8657,18445,0.3846317884560705,0.07143576318968989,0.3131960252663806,TRUE,vae_Kelly_1_to_pos,R2design3,CCCAGAAAACAACGTGCTTAGCTAATTTCTAGGACTTATTTGCTTGCTTGTTTTGACTAAATTGTTGGTTATTTCCTTTTTTTCCTATTTCTATTGCACGCTACCGCAACAGGAAGGAAGAGAAGGCGAAAAGGTAAAGATATTTGACATCTTAGGGATGATAGATAGAAGTGAGGTAGTTAGTTACGCGTGAGCAGCCCCAGAGAACAGCACA,95
ENSG00000132321.17;IQCA1;chr2-236380568-236380633-236377102-236377185-236391975-236392071__-3:0:0,vae_Kelly_1_to_pos_R2design4,0.040482237271084735,0.043852715504462465,0.39910505973193067,0.14451671346384168,ENSG00000132321.17;IQCA1;chr2-236380568-236380633-236377102-236377185-236391975-236392071__-3:0:0__vae_Kelly_1_to_pos_R2design4,"1540,1445,1389","2250,2279,2058","98,88,96,100,137,129,69,139,267","2246,2210,2226,2425,2690,2837,425,767,1634",1,1,0,0,4374,1123,6587,17460,0.3990511814615455,0.06043157724802239,0.3386196042135231,TRUE,vae_Kelly_1_to_pos,R2design4,CCCAGAAAACAACGTGCTTAGCTAATTTCTAGGACTTATTTGCTTGCTTGTTTTGACTAAATTGTTGGTTATTTCCTTTTTTTCCTATTTCTATTGCACGCTACCGCAACAGGAAGGAAGAGAAGGCAAAAAGGTAAAGATATTTGACATCTTAGGGATGATAGATGGAAGTGAGGTAGTTAGTTACGCGTGAGCAGCCCCAGAGAACAGCACA,95
ENSG00000132321.17;IQCA1;chr2-236380568-236380633-236377102-236377185-236391975-236392071__-3:0:0,vae_Kelly_1_to_pos_R2design5,0.07353796921333783,0.0510229139389181,0.42355633594547265,0.18145704575789934,ENSG00000132321.17;IQCA1;chr2-236380568-236380633-236377102-236377185-236391975-236392071__-3:0:0__vae_Kelly_1_to_pos_R2design5,"776,791,772","1094,1090,1002","75,68,81,56,56,61,71,126,240","946,919,954,943,1129,1165,315,557,1124",1,1,0,0,2339,834,3186,8052,0.42334841628959274,0.09385550303848751,0.32949291325110525,TRUE,vae_Kelly_1_to_pos,R2design5,CCCAGAAAACAACGTGCTTAGCTAATTTCTAGGACTTATTTGCTTGCTTGTTTTGACTAAATTGTTGGTTATTTCCTTTTTTTCCTATTTCTATTGCACGCTACCGCAACAGGAAGGAAGAGAAGGCGAAAAGGTAAAGATATTTGACATCTTAGGGATGATAGATGGAAGTGAGGTAGTTAGTTACGCGTGAGCAGCCCCAGAGAACAGCACA,95
ENSG00000132321.17;IQCA1;chr2-236380568-236380633-236377102-236377185-236391975-236392071__-3:0:0,vae_Kelly_1_to_pos_R2design6,0.027959563153945,0.0199784054637552,0.23346402377585432,0.08618478042484767,ENSG00000132321.17;IQCA1;chr2-236380568-236380633-236377102-236377185-236391975-236392071__-3:0:0__vae_Kelly_1_to_pos_R2design6,"2147,1952,1931","6780,6936,6106","112,107,120,106,95,78,48,101,227","3908,3841,4030,4141,4728,5027,568,1105,2116",1,1,0,0,6030,994,19822,29464,0.2332508123162618,0.032635104077746405,0.20061570823851538,TRUE,vae_Kelly_1_to_pos,R2design6,CCCAGAAAACAACGTGCTTAGCTAATTTCTAGGACTTATTTGCTTGCTTGTTTTGACTAAATTGTTGGTTATTTCCTTTTTTTCCTATTTCTATTGCACGCTACCGCAACAGGAAGGAAGAGAAGGCAAAAAGGTAAAGAGATTTGACATCTTAGGGATGATAGATGGAAGTGAGGTAGTTAGTTACGCGTGAGCAGCCCCAGAGAACAGCACA,95
ENSG00000132321.17;IQCA1;chr2-236380568-236380633-236377102-236377185-236391975-236392071__-3:0:0,vae_Kelly_1_to_pos_R2design7,0.1080810766754285,0.08475341220766403,0.5104997449009196,0.21311557178064,ENSG00000132321.17;IQCA1;chr2-236380568-236380633-236377102-236377185-236391975-236392071__-3:0:0__vae_Kelly_1_to_pos_R2design7,"730,735,699","714,764,606","59,63,82,62,59,62,97,177,323","556,537,583,581,700,712,342,688,1188",1,1,0,0,2164,984,2084,5887,0.5094161958568738,0.14321059525542135,0.36620560060145246,TRUE,vae_Kelly_1_to_pos,R2design7,CCCAGAAAACAACGTGCTTAGCTAATTTCTAGGACTTATTTGCTTGCTTGTTTTGACTAAATTGTTGGTTATTTCCTTTTTTTCCTATTTCTATTGCACGCTACCGCAACAGGAAGGAAGAGAAGGCGAAAAGGTAAAGATATTTGACATCTTAGGGATTATAGATAGAAGTGAGTTAGTTAGTTACGCGTGAGCAGCCCCAGAGAACAGCACA,95
ENSG00000132321.17;IQCA1;chr2-236380568-236380633-236377102-236377185-236391975-236392071__-3:0:0,vae_Kelly_1_to_pos_R2design9,0.0411578962989927,0.039024470262299396,0.3698953011027806,0.181604824102819,ENSG00000132321.17;IQCA1;chr2-236380568-236380633-236377102-236377185-236391975-236392071__-3:0:0__vae_Kelly_1_to_pos_R2design9,"1606,1570,1578","2824,2826,2468","112,134,110,148,122,165,144,235,437","2832,2809,2647,3238,3688,3826,594,1095,2089",1,1,0,0,4754,1607,8118,22818,0.36932877563704164,0.06579324462640737,0.30353553101063424,TRUE,vae_Kelly_1_to_pos,R2design9,CCCAGAAAACAACGTGCTTAGCTAATTTCTAGGACTTATTTGCTTGCTTGTTTTGACTAAATTGTTGGTTATTTCCTTTTTTTCCTATTTCTATTGCACGCTACCGCAACAGGAAGGAAGAGAAGGCGAAAAGGTAAAGATATTTGACATCTTAGGGATGATAGATAGAAGTGAGTTAGTTAGTTACGCGTGAGCAGCCCCAGAGAACAGCACA,95
ENSG00000133561.15;GIMAP6;chr7-150630057-150630142-150627675-150628288-150632168-150632346__0:0:0,vae_Kelly_1_to_pos_R2design1,0.4439022595431653,0.5751125708085577,0.7805911999420027,0.4991269459451727,ENSG00000133561.15;GIMAP6;chr7-150630057-150630142-150627675-150628288-150632168-150632346__0:0:0__vae_Kelly_1_to_pos_R2design1,"3877,3879,3565","1097,1115,973","1108,1077,1080,1384,1524,1569,177,357,706","1408,1346,1337,957,1112,1253,181,382,652",1,1,0,0,11321,8982,3185,8628,0.7804356817868469,0.5100511073253833,0.2703845744614636,TRUE,vae_Kelly_1_to_pos,R2design1,AATGCGAAAGGCAGGTGGCTGTTGAAACTCATTTGGAAAGTCAGTAGAACATATGATTTTTTTTTTTTTTTTTTTTTTGTAGATGTATTTCTATTGCACGCTACCAAGGCAGGAGGGGAGTCCCCCAGAAAAGGTAAAGAAAGATTCTGTCCTAGGGATTACAGGAAGTAATAAGTAAGTTAATAAGGGAACAAGTGGGAAACATTTGGGGTGC,110
ENSG00000133561.15;GIMAP6;chr7-150630057-150630142-150627675-150628288-150632168-150632346__0:0:0,vae_Kelly_1_to_pos_R2design2,0.5791545699628403,0.688531075465875,0.86521497040752,0.5374418197008907,ENSG00000133561.15;GIMAP6;chr7-150630057-150630142-150627675-150628288-150632168-150632346__0:0:0__vae_Kelly_1_to_pos_R2design2,"6558,6355,6022","1014,1006,930","1973,1937,1819,2432,2593,2724,355,663,1232","1407,1435,1321,1039,1204,1270,294,549,1145",1,1,0,0,18935,15728,2950,9664,0.8652044779529358,0.6194076874606175,0.24579679049231828,TRUE,vae_Kelly_1_to_pos,R2design2,AATGCGAAAGGCAGGTGGCTGTTGAAACTCATTTGGAAAGTCAGTAGAACATATGATTTTTTTTTTTTTTTTTTTTTTGTAGATGTATTTCTATTGCACGCTACCAAGGCAGGAGGGGAGTCCCCCAGAAAAGGTAAAGAAAGATCCTGTCCTAGGGATTACAGGAAGTAATAAGTAAGTTAATAAGGGAGCAAGTGGGAAACATTTGGGGTGC,111
ENSG00000133561.15;GIMAP6;chr7-150630057-150630142-150627675-150628288-150632168-150632346__0:0:0,vae_Kelly_1_to_pos_R2design3,0.42665320042877397,0.528566612345387,0.746321248401563,0.430248021410049,ENSG00000133561.15;GIMAP6;chr7-150630057-150630142-150627675-150628288-150632168-150632346__0:0:0__vae_Kelly_1_to_pos_R2design3,"5140,5071,4782","1796,1734,1571","1499,1380,1450,1794,2088,2180,306,531,1084","2018,1970,1832,1584,1913,1912,375,731,1493",1,1,0,0,14993,12312,5101,13828,0.7461431273016821,0.4710022953328233,0.2751408319688588,TRUE,vae_Kelly_1_to_pos,R2design3,AATGCGAAAGGCAGGTGGCTGTTGAAACTCATTTGGAAAGTCAGTAGAACATATGATTTTTTTTTTTTTTTTTTTTTTGTAGATGTATTTCTATTGCACGCTACCAAGGCAGGAGGGGAGTCCCCCAGAAAAGGTAAAGAAAGATCCTGTCCTAGGGATGACAGGAAGTAGTAAGTAAGTTAATAAGGGAGCAAGTGGGAAACATTTGGGGTGC,110
ENSG00000133561.15;GIMAP6;chr7-150630057-150630142-150627675-150628288-150632168-150632346__0:0:0,vae_Kelly_1_to_pos_R2design4,0.41817642947572464,0.5566791893707727,0.755739409016644,0.3951991788200183,ENSG00000133561.15;GIMAP6;chr7-150630057-150630142-150627675-150628288-150632168-150632346__0:0:0__vae_Kelly_1_to_pos_R2design4,"1502,1513,1412","526,500,410","442,437,386,513,539,632,92,152,317","626,603,532,399,438,505,132,269,449",1,1,1.11022302463e-16,3.23406525227e-15,4427,3510,1436,3953,0.7550741940985843,0.47032024654964494,0.2847539475489394,TRUE,vae_Kelly_1_to_pos,R2design4,AATGCGAAAGGCAGGTGGCTGTTGAAACTCATTTGGAAAGTCAGTAGAACATATGATTTTTTTTTTTTTTTTTTTTTTGTAGATGTATTTCTATTGCACGCTACCAAGGCAGGAGGGGAGTCCCCCAGAAAAGGTAAAGAAAGATCCTGTCCTAGGGATTTCAGGAGGTAGTAAGTAAGTTAATAAGGGAGCAAGTGGGAAACATTTGGGGTGC,112
ENSG00000133561.15;GIMAP6;chr7-150630057-150630142-150627675-150628288-150632168-150632346__0:0:0,vae_Kelly_1_to_pos_R2design5,0.45818520824878467,0.5979680861029133,0.8094961959265203,0.5043089682038396,ENSG00000133561.15;GIMAP6;chr7-150630057-150630142-150627675-150628288-150632168-150632346__0:0:0__vae_Kelly_1_to_pos_R2design5,"2096,1918,1933","496,472,432","665,643,653,797,972,964,205,376,693","781,756,782,576,621,634,186,404,675",1,1,0,0,5947,5968,1400,5415,0.8094460323941745,0.5242906088026004,0.2851554235915741,TRUE,vae_Kelly_1_to_pos,R2design5,AATGCGAAAGGCAGGTGGCTGTTGAAACTCATTTGGAAAGTCAGTAGAACATATGATTTTTTTTTTTTTTTTTTTTTTGTAGATGTATTTCTATTGCACGCTACCGAGGCAGGAGGGGAGTCCCCCAGAAAAGGTAAAGAAAGATCCTGTCCTAGGGATTTCAGGAGGTAGTAAGTAAGTTAATAAGGGAGCAAGTGGGAAACATTTGGGGTGC,111
ENSG00000133561.15;GIMAP6;chr7-150630057-150630142-150627675-150628288-150632168-150632346__0:0:0,vae_Kelly_1_to_pos_R2design6,0.6518382835196767,0.7490471971230587,0.9051522488281893,0.5897741123602513,ENSG00000133561.15;GIMAP6;chr7-150630057-150630142-150627675-150628288-150632168-150632346__0:0:0__vae_Kelly_1_to_pos_R2design6,"5458,5226,4989","581,545,517","1741,1727,1654,1871,2161,2228,449,854,1591","893,899,943,651,698,745,316,589,1103",1,1,0,0,15673,14276,1643,6837,0.9051166551166551,0.6761710794297352,0.22894557568691987,TRUE,vae_Kelly_1_to_pos,R2design6,AATGCGAAAGGCAGGTGGCTGTTGAAACTCATTTGGAAAGTCAGTAGAACATATGATTTTTTTTTTTTTTTTTTTTTTGTAGATGTATTTCTATTGCACGCTACCAAGGCAGGAGGGGAGTCCCCCAGAAAAGGTAAAGAAAGATCCTGTCCTAGGGATTACAGGAAGTAATAAGTAAGTTAATAAGGGAACAAGTGGGAAACATTTGGGGTGC,111
ENSG00000133561.15;GIMAP6;chr7-150630057-150630142-150627675-150628288-150632168-150632346__0:0:0,vae_Kelly_1_to_pos_R2design7,0.43134375785202467,0.6095334746308546,0.8238837894154927,0.4363113484433323,ENSG00000133561.15;GIMAP6;chr7-150630057-150630142-150627675-150628288-150632168-150632346__0:0:0__vae_Kelly_1_to_pos_R2design7,"2466,2416,2392","519,534,502","713,706,675,930,1078,1108,227,404,772","944,934,883,597,658,743,289,538,982",1,1,0,0,7274,6613,1555,6568,0.8238758636312153,0.5017070025036037,0.32216886112761167,TRUE,vae_Kelly_1_to_pos,R2design7,AATGCGAAAGGCAGGTGGCTGTTGAAACTCATTTGGAAAGTCAGTAGAACATATGATTTTTTTTTTTTTTTTTTTTTTGTAGATGTATTTCTATTGCACGCTACCAAGGCAGGAGGGGAGTCCCCCAGAAAAGGTAAAGAAAGATCCTGTCCTAGGGATGTCAGGAAGTAATAAGTAAGTTAATAAGGGAGCAAGTGGGAAACATTTGGGGTGC,111
ENSG00000133561.15;GIMAP6;chr7-150630057-150630142-150627675-150628288-150632168-150632346__0:0:0,vae_Kelly_1_to_pos_R2design8,0.459024549732188,0.620797972507114,0.825535559483219,0.443504403122663,ENSG00000133561.15;GIMAP6;chr7-150630057-150630142-150627675-150628288-150632168-150632346__0:0:0__vae_Kelly_1_to_pos_R2design8,"2889,2862,2665","610,634,537","759,716,766,1095,1285,1293,249,562,1110","913,822,908,700,772,767,337,708,1287",1,1,0,0,8416,7835,1781,7214,0.8253407865058351,0.5206326001727689,0.3047081863330662,TRUE,vae_Kelly_1_to_pos,R2design8,AATGCGAAAGGCAGGTGGCTGTTGAAACTCATTTGGAAAGTCAGTAGAACATATGATTTTTTTTTTTTTTTTTTTTTTGTAGATGTATTTCTATTGCACGCTACCAAGGCAGGAGGGGAGTCCCCCAGAAAAGGTAAAGAAAGATCCTGTCCTAGGGATGTCAGGAAGTAGTAAGTAAGTTAATAAGGGAGCAAGTGGGAAACATTTGGGGTGC,111
ENSG00000135018.14;UBQLN1;chr9-83666349-83666394-83665029-83665145-83669184-83669291__-39:0:0,vae_Kelly_1_to_pos_R2design1,0.0093415159597173,0.018301616952062033,0.29448596690094664,0.0351419964497943,ENSG00000135018.14;UBQLN1;chr9-83666349-83666394-83665029-83665145-83669184-83669291__-39:0:0__vae_Kelly_1_to_pos_R2design1,"908,907,820","2149,2236,1933","8,15,19,20,31,33,23,39,100","1509,1480,1475,1315,1524,1618,666,1253,2289",1,1,0,0,2635,288,6318,13129,0.29431475483078295,0.021465305209808452,0.2728494496209745,TRUE,vae_Kelly_1_to_pos,R2design1,AACAAGTTACATTACTTGTTTCAGATATTTCCAGTTAAAATTGTTTGAACACTTGCCCCATAGATGATGCTGAATAATCCCCTTTTTTTTCTATTGCATGCTACCCAAGCAGGAAGGAAGTAACAGCGCCCAGGTAAAGACCAACAATTGCGTAGGGAAAGTAGTTAGCTATCAGTTAGTTAGTTTTGCTTGAAAAAATTTGATGATAAACATT,107
ENSG00000135018.14;UBQLN1;chr9-83666349-83666394-83665029-83665145-83669184-83669291__-39:0:0,vae_Kelly_1_to_pos_R2design2,0.025675698574890268,0.041534995501871765,0.18763185718201167,0.08553791887125231,ENSG00000135018.14;UBQLN1;chr9-83666349-83666394-83665029-83665145-83669184-83669291__-39:0:0__vae_Kelly_1_to_pos_R2design2,"55,55,51","256,227,216","6,2,5,6,5,9,2,10","174,164,153,151,159,152,40,71",1,1,0.00115451499075,0.0202310712832,161,45,699,1064,0.1872093023255814,0.0405770964833183,0.14663220584226308,TRUE,vae_Kelly_1_to_pos,R2design2,AACAAGTTACATTACTTGTTTCAGATATTTCCAGTTAAAATTGTTTGAACACTTGCCCCATAGATGATGCTGAATAATCCCCTTTTTTTTCTATTGCATGCTCCCCAAGCAGGAAGGAAGCAACAGCTCCCAGGTAAAGTCCAACAATTGCGTAGGGAAAGTAGTTAGCTATCAGGTAGTTAGTTTTGCTTGAAAAAATTTGATGATAAACATT,108
ENSG00000135018.14;UBQLN1;chr9-83666349-83666394-83665029-83665145-83669184-83669291__-39:0:0,vae_Kelly_1_to_pos_R2design3,0.0344185800487778,0.08560582258043206,0.3358123306164267,0.15392097534726867,ENSG00000135018.14;UBQLN1;chr9-83666349-83666394-83665029-83665145-83669184-83669291__-39:0:0__vae_Kelly_1_to_pos_R2design3,"1526,1533,1441","3023,3119,2767","100,87,87,239,263,288,76,186,333","2572,2587,2526,2461,2815,3188,499,920,1730",1,1,0,0,4500,1659,8909,19298,0.33559549556268176,0.07916209381113709,0.25643340175154467,TRUE,vae_Kelly_1_to_pos,R2design3,AACAAGTTACATTACTTGTTTCAGATATTTCCAGTTAAAATTGTTTGAACACTTGCCCCATAGATGATGCTGAATAATCCCCTTTTTTTTCTATTGCATGCTCCCCAAGCAGGAAGGAAGCAACAGCGCCCAGGTAAAGTCCAACAATTTCCTAGGGAAAGTAGTTAGCTATCAGGTAGTTAGTTTTGCTTGAAAAAATTTGATGATAAACATT,106
ENSG00000135018.14;UBQLN1;chr9-83666349-83666394-83665029-83665145-83669184-83669291__-39:0:0,vae_Kelly_1_to_pos_R2design5,0.005178294002066637,0.005516416439865913,0.131800825325144,0.01709665460618765,ENSG00000135018.14;UBQLN1;chr9-83666349-83666394-83665029-83665145-83669184-83669291__-39:0:0__vae_Kelly_1_to_pos_R2design5,"510,481,427","3120,3260,2953","9,7,16,10,15,18,3,13,26","2140,2082,1985,2359,2638,2679,346,599,1186",1,1,0.00189418185709,0.0324324420264,1418,117,9333,16014,0.13189470746907264,0.007253115119955365,0.12464159234911727,TRUE,vae_Kelly_1_to_pos,R2design5,AACAAGTTACATTACTTGTTTCAGATATTTCCAGTTAAAATTGTTTGAACACTTGCCCCATAGATGATGCTGAATAATCCCCTTTTTTTTCTATTGCATGCTCCCCAAGCAGGAAGGAAGTAACAGCGCCCAGGTAAAGTCCAACAATTTCGTAGGGAAAGTAGTTAGCTATCAGGTAGTTAGTTTTGCTTGAAAAAATTTGATGATAAACATT,107
ENSG00000135018.14;UBQLN1;chr9-83666349-83666394-83665029-83665145-83669184-83669291__-39:0:0,vae_Kelly_1_to_pos_R2design6,0.008924439337488673,0.012870145906379433,0.16551250181507132,0.03511028827365823,ENSG00000135018.14;UBQLN1;chr9-83666349-83666394-83665029-83665145-83669184-83669291__-39:0:0__vae_Kelly_1_to_pos_R2design6,"1417,1377,1336","7348,7054,6452","43,34,33,45,57,66,18,39,59","4189,3949,4053,3821,4349,4637,525,894,1883",1,1,1.36879396706e-12,3.69904200978e-11,4130,394,20854,28300,0.1653057957092539,0.013731093608419878,0.15157470210083404,TRUE,vae_Kelly_1_to_pos,R2design6,AACAAGTTACATTACTTGTTTCAGATATTTCCAGTTAAAATTGTTTGAACACTTGCCCCATAGATGATGCTGAATAATCCCCTTTTTTTTCTATTGCATGCTACCCAAGCAGGAAGGAAGTAACAGCGCCCAGGTAAAGACCAACAATTGCCTAGGGAAAGTAGTTAGCAGTCAGTTAGTTAGTTTTGCTTGAAAAAATTTGATGATAAACATT,106
ENSG00000135018.14;UBQLN1;chr9-83666349-83666394-83665029-83665145-83669184-83669291__-39:0:0,vae_Kelly_1_to_pos_R2design8,0.00657507629735817,0.0089244055137423,0.15091937725547766,0.022146645749766835,ENSG00000135018.14;UBQLN1;chr9-83666349-83666394-83665029-83665145-83669184-83669291__-39:0:0__vae_Kelly_1_to_pos_R2design8,"989,1006,941","5712,5666,5154","27,18,29,30,41,57,17,26,43","3787,3820,3616,4226,4821,4991,633,1168,2280",1,1,6.95617319302e-9,1.6598613268e-7,2936,288,16532,29342,0.1508115882473803,0.00971987850151873,0.14109170974586158,TRUE,vae_Kelly_1_to_pos,R2design8,AACAAGTTACATTACTTGTTTCAGATATTTCCAGTTAAAATTGTTTGAACACTTGCCCCATAGATGATGCTGAATAATCCCCTTTTTTTTCTATTGCATGCTACCCAAGCAGGAAGGAAGTAACAGCTCCCAGGTAAAGTCCAACAATTGCGTAGGGAAAGTAGTTAGCAATCAGGTAGTTAGTTTTGCTTGAAAAAATTTGATGATAAACATT,107
ENSG00000138061.12;CYP1B1;chr2-38074345-38074408-38071175-38071310-38075779-38076154__0:0:0,vae_Kelly_0_to_pos_R2design11,0.43854430789134896,0.030433020253379,0.489111189830149,0.45998524859573536,ENSG00000138061.12;CYP1B1;chr2-38074345-38074408-38071175-38071310-38075779-38076154__0:0:0__vae_Kelly_0_to_pos_R2design11,"575,587,552","634,597,561","323,310,309,13,15,17,43,95,169","380,417,410,440,493,497,51,86,256",1,1,6.28639100354e-4,0.0111907738261,1714,1294,1792,3030,0.48887621220764405,0.2992599444958372,0.18961626771180684,TRUE,vae_Kelly_0_to_pos,R2design11,TATCCTCTCTGCGGAAAAGAAGGCGGCCGGGGACTCGCACGGTGGTGGCGCGCGGCTGGATTTGGAGAACGTACCTGCCACTATCTCTTTCTTTTGCACGCTCCCCCAGGAGGCAGGGAGTACCGCGCTACAGGTAAAGATCCTCCTCTTCACAGGGAAAATAGTCAGTAATGAGTTAGTCAGTTATTTTCTCCTCTGAAAAAGGCGGAGTAGA,106
ENSG00000138061.12;CYP1B1;chr2-38074345-38074408-38071175-38071310-38075779-38076154__0:0:0,vae_Kelly_0_to_pos_R2design12,0.574899227011903,0.04892929347265743,0.7197991744257487,0.5256203650230546,ENSG00000138061.12;CYP1B1;chr2-38074345-38074408-38071175-38071310-38075779-38076154__0:0:0__vae_Kelly_0_to_pos_R2design12,"212,193,162","77,78,65","118,113,129,4,2,3,48,68,128","95,85,86,57,51,66,37,56,148",1,1,2.60722060855e-5,5.08521376085e-4,567,613,220,681,0.7204574332909784,0.47372488408037094,0.2467325492106075,TRUE,vae_Kelly_0_to_pos,R2design12,TATCCTCTCTGCGGAAAAGAAGGCGGCCGGGGACTCGCACGGTGGTGGCGCGCGGCTGGATTTGGAGAACGTACCTGCCACTATCTCTTTCTTTTGCACGCTCCCCCAGGAGGCAGGGAGTACCGCGCTGCAGGTAAAGATCCTCCTCTTCCTAGGGAAAATAGTCAGTAATGAGTTAGTTAGTTATTTTCTCCTCTGAAAAAGGCGGAGTAGA,108
ENSG00000138061.12;CYP1B1;chr2-38074345-38074408-38071175-38071310-38075779-38076154__0:0:0,vae_Kelly_0_to_pos_R2design15,0.54231918970709,0.08581420328229213,0.672251848336889,0.5946573009791404,ENSG00000138061.12;CYP1B1;chr2-38074345-38074408-38071175-38071310-38075779-38076154__0:0:0__vae_Kelly_0_to_pos_R2design15,"232,243,206","119,113,100","146,148,134,7,9,8,37,64,100","135,102,126,79,89,87,23,44,74",1,1,0.00165517387942,0.0287794962135,681,653,332,759,0.6722606120434353,0.46246458923512745,0.2097960228083079,TRUE,vae_Kelly_0_to_pos,R2design15,TATCCTCTCTGCGGAAAAGAAGGCGGCCGGGGACTCGCACGGTGGTGGCGCGCGGCTGGATTTGGAGAACGTACCTGCCACTATCTCTTTCTTTTGCACGCTTCCCCAGGAGGCAGGGAGTACCGCGGTGCAGGTAAAGATCCTCCTCTTCCTAGGGAAAATAGTCAGTAATGAGTTAGTTAGTTATTTTCTCCTCTGAAAAAGGCGGAGTAGA,107
ENSG00000138061.12;CYP1B1;chr2-38074345-38074408-38071175-38071310-38075779-38076154__0:0:0,vae_Kelly_0_to_pos_R2design18,0.3674890195786493,0.030472532977124735,0.5044030802664526,0.479581915410792,ENSG00000138061.12;CYP1B1;chr2-38074345-38074408-38071175-38071310-38075779-38076154__0:0:0__vae_Kelly_0_to_pos_R2design18,"166,165,164","166,182,141","58,69,80,0,5,5,36,52","144,106,110,100,101,108,32,69",1,1,2.17463333059e-4,0.00406475213376,495,305,489,770,0.5030487804878049,0.2837209302325581,0.21932785025524676,TRUE,vae_Kelly_0_to_pos,R2design18,TATCCTCTCTGCGGAAAAGAAGGCGGCCGGGGACTCGCACGGTGGTGGCGCGCGGCTGGATTTGGAGAACGTACCTGCCACTATCTCTTTCTTTTGCACGCTCCCCCAGGAGGCAGGGAGTACCGCGCTGCAGGTAAAGATCCTCCTCTTCCTAGGGAAAATAGTCAGGAATGAGTTAGTTAGTTATTTTCTCCTCTGAAAAAGGCGGAGTAGA,108
ENSG00000143494.16;VASH2;chr1-212973954-212974070-212951338-212951818-212988511-212988698__0:0:0,vae_Kelly_1_to_pos_R2design4,0.039098854008356464,0.027849149941203334,0.2742677367048997,0.15754441344452166,ENSG00000143494.16;VASH2;chr1-212973954-212974070-212951338-212951818-212988511-212988698__0:0:0__vae_Kelly_1_to_pos_R2design4,"526,462,492","1349,1304,1261","56,45,40,40,38,46,30,51,111","1185,1137,1133,1302,1450,1585,149,293,597",1,1,0,0,1480,457,3914,8831,0.27437893956247683,0.049203273040482345,0.2251756665219945,TRUE,vae_Kelly_1_to_pos,R2design4,TAGAAGAATACCTGAGGGTGGAGGTCCCTTAGGAACCAGGGTGATTAACTCCTCACATCTCCTTCAGATCCTGAAACCTGCAAGTGTCTTCTCTTTGCACGCTGCCAGAAGAGGGAGGAAGTCCCTGAGCCCCGGTAAAGAACATGCAAGCCCCAGGGAGAGTAGCGAGCAGTGAGTTAGTTAGTTAGTAATATTTCCTCTTCCCCAACTCAAAG,110
ENSG00000143554.14;SLC27A3;chr1-153778845-153778885-153778462-153778553-153779113-153779211__0:0:0,vae_Kelly_0_to_pos_R2design11,0.025783141720627498,0.002143494032057094,0.19641728852334034,0.07123844577605247,ENSG00000143554.14;SLC27A3;chr1-153778845-153778885-153778462-153778553-153779113-153779211__0:0:0__vae_Kelly_0_to_pos_R2design11,"273,350,288","1287,1319,1120","75,52,54,5,2,8,36,61,127","2307,2286,2232,2078,2453,2480,503,826,1498",1,1,2.5757174171299997e-14,7.31308122357e-13,911,420,3726,16663,0.1964632305369851,0.02458584557747468,0.17187738495951044,TRUE,vae_Kelly_0_to_pos,R2design11,ATGCTGGCTTGCCAGAGCTGGCCCAGGGGAAGTTGCTAAAGGATGTCTTCCGGCCTGGGGATGTTTTCTTCAACACTGGGGACCTGTTTTTCTGTTGCACGCTAGCTTGGCTGGGAGGCAGTGATCGAACTAAGGTAAAGATCATGTATCTCTCAGGGATTGTAGTTAGATCTTAGTCAGTTAATCTCTGTAATCCAAAGCTTCTGAACCTCAAC,104
ENSG00000143554.14;SLC27A3;chr1-153778845-153778885-153778462-153778553-153779113-153779211__0:0:0,vae_Kelly_0_to_pos_R2design12,0.0173702482275932,0.0018413940098349333,0.16540935286359032,0.03839855540675564,ENSG00000143554.14;SLC27A3;chr1-153778845-153778885-153778462-153778553-153779113-153779211__0:0:0__vae_Kelly_0_to_pos_R2design12,"385,363,345","1925,1927,1672","47,58,58,4,7,7,23,51,93","3143,3042,3049,2920,3351,3372,681,1143,2243",1,1,4.65077087952e-10,1.17209877334e-8,1093,348,5524,22944,0.1651805954359982,0.014940752189592994,0.1502398432464052,TRUE,vae_Kelly_0_to_pos,R2design12,ATGCTGGCTTGCCAGAGCTGGCCCAGGGGAAGTTGCTAAAGGATGTCTTCCGGCCTGGGGATGTTTTCTTCAACACTGGGGACCTGTTTTTCTGTTGCACGCTAGCTTGGCTGGGAGGCAGTGATCGAGCTAAGGTAAAGATCATTTATCTCTCAGGGATTGTAGTTAGATGTTAGTCAGTTAATCTCTGTAATCCAAAGCTTCTGAACCTCAAC,105
ENSG00000143554.14;SLC27A3;chr1-153778845-153778885-153778462-153778553-153779113-153779211__0:0:0,vae_Kelly_0_to_pos_R2design6,0.03681930106683076,0.0031162281921501,0.25045422240928766,0.057347949769878566,ENSG00000143554.14;SLC27A3;chr1-153778845-153778885-153778462-153778553-153779113-153779211__0:0:0__vae_Kelly_0_to_pos_R2design6,"164,165,160","512,491,462","28,41,36,0,2,7,21,39,48","945,863,955,835,920,968,282,607,1085",1,1,0,0,489,222,1465,7460,0.2502558853633572,0.028898724290549335,0.22135716107280784,TRUE,vae_Kelly_0_to_pos,R2design6,ATGCTGGCTTGCCAGAGCTGGCCCAGGGGAAGTTGCTAAAGGATGTCTTCCGGCCTGGGGATGTTTTCTTCAACACTGGGTACCTGCTTTTCTGTTGCACGCTAGCTTGGCTGGGAGGCAGTGATCGAGCAAAGGTAAAGATCATTTATCTCTCAGGGATTGTAGTTAGAAGTTAGTCAGTTAATCTCTGTAATCCAAAGCTTCTGAACCTCAAC,106
ENSG00000143554.14;SLC27A3;chr1-153778845-153778885-153778462-153778553-153779113-153779211__0:0:0,vae_Kelly_0_to_pos_R2design7,0.0485325846200267,0.0025624770773673765,0.37726223683336635,0.0393582795944922,ENSG00000143554.14;SLC27A3;chr1-153778845-153778885-153778462-153778553-153779113-153779211__0:0:0__vae_Kelly_0_to_pos_R2design7,"198,164,171","306,314,261","49,38,38,0,2,3,7,16,30","910,730,806,546,587,696,199,372,670",1,1,0,0,533,183,881,5516,0.37694483734087697,0.03211089664853483,0.34483394069234213,TRUE,vae_Kelly_0_to_pos,R2design7,ATGCTGGCTTGCCAGAGCTGGCCCAGGGGAAGTTGCTAAAGGATGTCTTCCGGCCTGGGGATGTTTTCTTCAACACTGGGGACCTGCTTTTCTGTTGCACGCTAGCTTGGCTGGGAGGCAGTGATCGAGCAAAGGTAAAGATCATGTATCTCTCAGGGATTGTAGTTAGATGTTAGTCAGTTAATCTCTGTAATCCAAAGCTTCTGAACCTCAAC,105
ENSG00000151136.15;BTBD11;chr12-107635284-107635390-107619985-107620164-107640310-107640413__0:0:0,vae_Kelly_1_to_pos_R2design1,0.190794823919291,0.16161023719103967,0.473895413034406,0.2740871034260597,ENSG00000151136.15;BTBD11;chr12-107635284-107635390-107619985-107620164-107640310-107640413__0:0:0__vae_Kelly_1_to_pos_R2design1,"1785,1798,1497","2011,1947,1679","353,408,358,255,281,331,47,97,231","1565,1613,1562,1355,1474,1659,137,276,522",1,1,0,0,5080,2361,5637,10163,0.4740132499766726,0.18851804535292238,0.2854952046237502,TRUE,vae_Kelly_1_to_pos,R2design1,ATTCCTGTTTCACAGCTTGACTGAGGCTGGCCACAGCCCCCTGTATCATGACCTCCTCTTTCTTTTCTGCAGAATGAAGTGATCTGTCTTCCTCTTGCACGCTTCCTCAGCAGGGGGGAAGGGCCCTACCCCAGGTAAAGACTCACAGAAATCTAGGGAAAACAGACAGCACTCAGTTAGTTATTTTTCCCCCAGGCCTGTGTTGGCTGCTGCTT,109
ENSG00000151136.15;BTBD11;chr12-107635284-107635390-107619985-107620164-107640310-107640413__0:0:0,vae_Kelly_1_to_pos_R2design6,0.23088836477348534,0.260946056607376,0.6427228296675677,0.357781030438533,ENSG00000151136.15;BTBD11;chr12-107635284-107635390-107619985-107620164-107640310-107640413__0:0:0__vae_Kelly_1_to_pos_R2design6,"4091,4050,3915","2316,2325,2068","709,718,714,974,1058,1131,197,381,859","2391,2370,2371,2700,3121,3144,381,716,1371",1,1,0,0,12056,6741,6709,18565,0.6424726885158539,0.26637951473958743,0.3760931737762665,TRUE,vae_Kelly_1_to_pos,R2design6,ATTCCTGTTTCACAGCTTGACTGAGGCTGGCCACAGCCCCCTGTATCATGACCTCCTCTTTCTTTTCTGCAGAATGAAGTGATCTGTCTTCCTCTTGCACGCTTCCTCAGCAGGGGGGAAGGGCCCTACCCCAGGTAAAGACTCACAGAAATCTAGGGAAAATAGACAGCACTCAGTTAGTTATTTTTCCCCCAGGCCTGTGTTGGCTGCTGCTT,110
ENSG00000151136.15;BTBD11;chr12-107635284-107635390-107619985-107620164-107640310-107640413__0:0:0,vae_Kelly_1_to_pos_R2design9,0.19571567573842366,0.22350763026313333,0.589566644608253,0.27876319571069536,ENSG00000151136.15;BTBD11;chr12-107635284-107635390-107619985-107620164-107640310-107640413__0:0:0__vae_Kelly_1_to_pos_R2design9,"2029,2131,1911","1432,1548,1257","394,365,398,447,489,561,112,204,417","1596,1613,1547,1577,1786,1829,303,521,1046",1,1,0,0,6071,3387,4237,11818,0.5889600310438494,0.22275567247615916,0.3662043585676903,TRUE,vae_Kelly_1_to_pos,R2design9,ATTCCTGTTTCACAGCTTGACTGAGGCTGGCCACAGCCCCCTGTATCATGACCTCCTCTTTCTTTTCTGCAGAATGAAGTGATCTGCCTTCCTCTTGCACGCTTCCTCAGCAGGGGGGAAGGGCCCTACCCCAGGTAAAGACTCACAGAAATCTAGGGAAAACAGACAGCAGTCAGTTAGTTATTTTTCCCCCAGGCCTGTGTTGGCTGCTGCTT,109
ENSG00000163029.16;SMC6;chr2-17725256-17725358-17721141-17721261-17726388-17726469__0:0:0,vae_Kelly_1_to_pos_R2design1,0.23633978738640868,0.41618880941861097,0.5150397878147267,0.20900154281433067,ENSG00000163029.16;SMC6;chr2-17725256-17725358-17721141-17721261-17726388-17726469__0:0:0__vae_Kelly_1_to_pos_R2design1,"2032,1996,1808","1899,1903,1694","445,459,463,753,948,944,69,160,306","1482,1468,1467,1081,1261,1365,318,585,1002",1,1,5.75365023625e-7,1.2290892838e-5,5836,4547,5496,10029,0.5150017649135192,0.3119511525795829,0.20305061233393634,TRUE,vae_Kelly_1_to_pos,R2design1,TTTCTTTTTCTTTTTAACAGTTCTATGGAAGTTTACAAACTCCTAATTGCGTTTTTTTTTGTTATTGATAATAGTTCTTCATGATATCTTCCCATTGCACGCTGCCGAAGGAGGAAGGGAGATACATAGTGAAGGTAAAGGAAAGAACAAACCTAGGGATAATAGAAGGAAATGAGGTAGTTAAACAGTTAATGTAAATCTTTTTGAGATCAGCC,103
ENSG00000163029.16;SMC6;chr2-17725256-17725358-17721141-17721261-17726388-17726469__0:0:0,vae_Kelly_1_to_pos_R2design2,0.28411342074599366,0.43431976398874467,0.533651977418232,0.292200683650276,ENSG00000163029.16;SMC6;chr2-17725256-17725358-17721141-17721261-17726388-17726469__0:0:0__vae_Kelly_1_to_pos_R2design2,"3319,3256,2981","2874,2854,2621","903,895,866,1098,1200,1281,178,343,598","2247,2262,2203,1377,1555,1742,433,834,1437",1,1,1.37878623284e-5,2.81147047296e-4,9556,7362,8349,14090,0.5337056688075956,0.3431847846354652,0.19052088417213042,TRUE,vae_Kelly_1_to_pos,R2design2,TTTCTTTTTCTTTTTAACAGTTCTATGGAAGTTTACAAACTCCTAATTGCGTTTTTTTTTGTTATTGATAATAGTTCTTCATGATATCTTCCCATTGCACGCTGCCGAAGGAGGAAGGGAGATACATAGTGAAGGTAAAGGAAATAACAAACCTAGGGATAATAGAAAGAAATGAGGTAGTTAATCAGTTAATGTAAATCTTTTTGAGATCAGCC,102
ENSG00000163029.16;SMC6;chr2-17725256-17725358-17721141-17721261-17726388-17726469__0:0:0,vae_Kelly_1_to_pos_R2design3,0.17316784736447832,0.29761638910939736,0.39226157296809466,0.17421154687195367,ENSG00000163029.16;SMC6;chr2-17725256-17725358-17721141-17721261-17726388-17726469__0:0:0__vae_Kelly_1_to_pos_R2design3,"421,425,390","683,667,570","106,114,108,150,159,174,28,41,114","519,539,508,387,373,379,134,234,454",1,1,1.34580251284e-4,0.00253666809773,1236,994,1920,3527,0.3916349809885932,0.21986286219862863,0.17177211878996454,TRUE,vae_Kelly_1_to_pos,R2design3,TTTCTTTTTCTTTTTAACAGTTCTATGGAAGTTTACAAACTCCTAATTGCGTTTTTTTTTGTTATTGATAATAGTTCTTCATGATATCTTCCCATTGCACGCTGCCGAAGGAGGAAGGGAGATACATAGTGAAGGTAAAGGAAAGAACAAACCTAGGGATAATAGAAGGAAATGAGGTAGTTAATCAGTTAATGTAAATCTTTTTGAGATCAGCC,103
ENSG00000163029.16;SMC6;chr2-17725256-17725358-17721141-17721261-17726388-17726469__0:0:0,vae_Kelly_1_to_pos_R2design4,0.11568671612728933,0.2829408358943067,0.4057518526426103,0.174800908801886,ENSG00000163029.16;SMC6;chr2-17725256-17725358-17721141-17721261-17726388-17726469__0:0:0__vae_Kelly_1_to_pos_R2design4,"363,428,361","571,595,519","84,90,79,193,162,198,43,95,142","655,629,651,424,481,499,224,388,710",1,1,7.35893723736e-9,1.73748381299e-7,1152,1086,1685,4661,0.40606274233345085,0.1889681572994606,0.21709458503399026,TRUE,vae_Kelly_1_to_pos,R2design4,TTTCTTTTTCTTTTTAACAGTTCTATGGAAGTTTACAAACTCCTAATTGCGTTTTTTTTTGTTATTGATAATAGTTCTTCATGATATCTTCCCATTGCACGCTGCCGAAGGAGGAAGGGAGATACATAGTGAAGGTAAAGGAAAGAACAAACGTAGGGATAATAGAAGGAAATGAGGTAGTTAATCAGTTAATGTAAATCTTTTTGAGATCAGCC,103
ENSG00000163029.16;SMC6;chr2-17725256-17725358-17721141-17721261-17726388-17726469__0:0:0,vae_Kelly_1_to_pos_R2design5,0.18691288532354067,0.3178467981226413,0.41558726917862865,0.206158516825373,ENSG00000163029.16;SMC6;chr2-17725256-17725358-17721141-17721261-17726388-17726469__0:0:0__vae_Kelly_1_to_pos_R2design5,"2500,2355,2171","3387,3376,3109","630,521,502,892,945,1061,85,189,388","2472,2334,2364,1846,2133,2247,363,713,1382",1,1,1.45307801509e-5,2.91004820343e-4,7026,5213,9872,15854,0.41578885075156824,0.24744861631936205,0.1683402344322062,TRUE,vae_Kelly_1_to_pos,R2design5,TTTCTTTTTCTTTTTAACAGTTCTATGGAAGTTTACAAACTCCTAATTGCGTTTTTTTTTGTTATTGATAATAGTTCTTCATGATATCTACCCATTGCACGCTGCCGAAGGAGGAAGGGAGATACATAGTGAAGGTAAAGGAAAGAACAAACGTAGGGATAATAGAAGGAAATGAGGTAGTTAATCAGTTAATGTAAATCTTTTTGAGATCAGCC,104
ENSG00000163029.16;SMC6;chr2-17725256-17725358-17721141-17721261-17726388-17726469__0:0:0,vae_Kelly_1_to_pos_R2design6,0.17436470598179502,0.3602484347071317,0.46220888720802966,0.166862395848591,ENSG00000163029.16;SMC6;chr2-17725256-17725358-17721141-17721261-17726388-17726469__0:0:0__vae_Kelly_1_to_pos_R2design6,"1486,1431,1289","1653,1639,1594","259,285,304,709,770,812,77,133,237","1370,1326,1320,1187,1401,1494,358,709,1194",1,1,1.63509012996e-8,3.78093521804e-7,4206,3586,4886,10359,0.4626044874615046,0.25715310147006093,0.2054513859914437,TRUE,vae_Kelly_1_to_pos,R2design6,TTTCTTTTTCTTTTTAACAGTTCTATGGAAGTTTACAAACTCCTAATTGCGTTTTTTTTTGTTATTGATAATAGTTCTTCATGATATCTTCCCATTGCACGCTGCCGAAGGAGGAAGGGAGATACATAGTGAAGGTAAAGGAAAGAACAAACCTAGGGATAATAGAAGGAAGTGAGGTAGTTAAACAGTTAATGTAAATCTTTTTGAGATCAGCC,103
ENSG00000163029.16;SMC6;chr2-17725256-17725358-17721141-17721261-17726388-17726469__0:0:0,vae_Kelly_1_to_pos_R2design7,0.20147552238057867,0.3365975297292347,0.40631983641773667,0.17039554045682934,ENSG00000163029.16;SMC6;chr2-17725256-17725358-17721141-17721261-17726388-17726469__0:0:0__vae_Kelly_1_to_pos_R2design7,"1563,1567,1476","2245,2301,2183","372,364,360,680,685,688,76,128,263","1523,1446,1379,1252,1340,1465,375,625,1260",1,1,3.36666806839e-4,0.00608986812693,4606,3616,6729,10665,0.4063520070577856,0.2532035571738674,0.15314844988391824,TRUE,vae_Kelly_1_to_pos,R2design7,TTTCTTTTTCTTTTTAACAGTTCTATGGAAGTTTACAAACTCCTAATTGCGTTTTTTTTTGTTATTGATAATAGTTCTTCATGATATCTTCCCATTGCACGCTGCCGAAGGAGGAAGGGAGATACATAGTGAAGGTAAAGGAAAGAACAAACGTAGGGATAATAGAAAGAAATGAGGTAGTTAATCAGTTAATGTAAATCTTTTTGAGATCAGCC,102
ENSG00000164024.12;METAP1;chr4-99028866-99028918-98995658-98995867-99034229-99034342__0:0:0,vae_Kelly_1_to_pos_R2design2,0.018996000259698866,0.022483121673450967,0.5566761104485737,0.017194033761066634,ENSG00000164024.12;METAP1;chr4-99028866-99028918-98995658-98995867-99034229-99034342__0:0:0__vae_Kelly_1_to_pos_R2design2,"903,961,866","732,724,716","15,16,19,16,14,33,2,5,14","866,882,839,809,920,965,165,303,585",1,1,0,0,2730,134,2172,6334,0.5569155446756426,0.020717377860235003,0.5361981668154077,TRUE,vae_Kelly_1_to_pos,R2design2,GCAAATATTTTACAATAACTCTTGCTTATATACAATATTCCTTAAAATGTTTCTTATTAAGGAAGGCCTGACACTAATTTTCCTTTTTTTTTCTTTGCACGCTGCCTTAACAGGAGGGGAGTTACTCAGAAAAGGTAAAGAAAGAAAGCAACTTAGGGAAAATAGAAAGTTGTAAGTCAGTTATCTTAGAAGTGGCATTTGTGCCAGAAAACAAG,99
ENSG00000164024.12;METAP1;chr4-99028866-99028918-98995658-98995867-99034229-99034342__0:0:0,vae_Kelly_1_to_pos_R2design6,0.05745840742573954,0.10602338822601734,0.7354522534178239,0.10112166573137714,ENSG00000164024.12;METAP1;chr4-99028866-99028918-98995658-98995867-99034229-99034342__0:0:0__vae_Kelly_1_to_pos_R2design6,"2562,2457,2340","865,956,827","93,68,72,170,192,188,30,57,106","1282,1237,1296,1429,1531,1686,260,530,925",1,1,0,0,7359,976,2648,10176,0.7353852303387629,0.08751793400286945,0.6478672963358935,TRUE,vae_Kelly_1_to_pos,R2design6,GCAAATATTTTACAATAACTCTTGCTTATATACAATATTCCTTAAAATGTTTCTTATTAAGGAAGGCCTGACACTAATTTTCCTTTTTTTTTCTTTGCACGCTGCCTTAACAGGAGGGGAGTTACTCACAAAAGGTAAAGAAAGAAAGCAACTTAGGGAAAACAGAAAGTTGTAAGTCAGTTATCTTAGAAGTGGCATTTGTGCCAGAAAACAAG,99
ENSG00000164024.12;METAP1;chr4-99028866-99028918-98995658-98995867-99034229-99034342__0:0:0,vae_Kelly_1_to_pos_R2design8,0.07409627491878264,0.16396666642972066,0.7665933366889747,0.12701544365654832,ENSG00000164024.12;METAP1;chr4-99028866-99028918-98995658-98995867-99034229-99034342__0:0:0__vae_Kelly_1_to_pos_R2design8,"795,790,748","260,241,211","34,43,42,86,88,123,27,50,72","482,481,523,436,500,570,183,302,580",1,1,0,0,2333,565,712,4057,0.7661740558292283,0.12224145391605365,0.6439326019131746,TRUE,vae_Kelly_1_to_pos,R2design8,GCAAATATTTTACAATAACTCTTGCTTATATACAATATTCCTTAAAATGTTTCTTATTAAGGAAGGCCTGACACTAATTTTCCTTTTTTTTTCTTTGCACGCTGCCTTAACAGGAGGGGAGCTACTCAGAAAAGGTAAAGAAAGAAAGCAACTTAGGGAAAACAGAAAGTTGTAAGTCAGTTATCTTAGAAGTGGCATTTGTGCCAGAAAACAAG,98
ENSG00000167325.15;RRM1;chr11-4105605-4105691-4101992-4102081-4106045-4106223__0:0:0,vae_Kelly_0_to_pos_R2design1,0.23640628093749966,0.35092764234500834,0.6810236473844387,0.35155307502056865,ENSG00000167325.15;RRM1;chr11-4105605-4105691-4101992-4102081-4106045-4106223__0:0:0__vae_Kelly_0_to_pos_R2design1,"2616,2632,2371","1204,1272,1095","612,608,594,848,903,982,268,411,917","1983,2007,1872,1537,1761,1759,470,831,1626",1,1,0,0,7619,6143,3571,13846,0.680875781948168,0.3073190254640052,0.3735567564841628,TRUE,vae_Kelly_0_to_pos,R2design1,CCCAACCTTTCGTTTTTATTGTGATGTGAATTTGATTGTTTTCTTTTTTCTTTCCTTTTTTTTTTTTTTTTTTTTGAGACAGGGTCTCTCTCTGCTGCACGCTCCCGAGGGAGGGGGGAAGATCACAGGTCAAGGTAAAGACAGCTTCCCGCCTAGGGAGGATAGCAGGTAGGTAGTAAGTCACCCAGCTAATTTTTTTTATTATCTGTGGAGAT,108
ENSG00000167325.15;RRM1;chr11-4105605-4105691-4101992-4102081-4106045-4106223__0:0:0,vae_Kelly_0_to_pos_R2design2,0.27356949396101665,0.37648547557936934,0.681969306454677,0.4353548518640503,ENSG00000167325.15;RRM1;chr11-4105605-4105691-4101992-4102081-4106045-4106223__0:0:0__vae_Kelly_0_to_pos_R2design2,"4386,4389,4214","2084,2171,1815","1066,1089,1113,1488,1737,1859,344,694,1363","2874,2909,2894,2560,2798,3048,456,910,1711",1,1,0,0,12989,10753,6070,20160,0.6815152946114696,0.3478471840326076,0.33366811057886203,TRUE,vae_Kelly_0_to_pos,R2design2,CCCAACCTTTCGTTTTTATTGTGATGTGAATTTGATTGTTTTCTTTTTTCTTTCCTTTTTTTTTTTTTTTTTTTTGAGACAGGGTCTCTCTCTGTTGCACGCTCCCGAGGGAGGGGGGAAGATCACAGCTCAAGGTAAAGTCAGCTTCCCGCCTAGGGAGGATAGCAGGTAGGTAGTAAGTCACCCAGCTAATTTTTTTTATTATCTGTGGAGAT,107
ENSG00000170581.14;STAT2;chr12-56349162-56349261-56348751-56348804-56349344-56349509__0:0:0,vae_Kelly_0_to_pos_R2design15,0.14667602980728933,0.159054617085888,0.381871620279978,0.368458828849755,ENSG00000170581.14;STAT2;chr12-56349162-56349261-56348751-56348804-56349344-56349509__0:0:0__vae_Kelly_0_to_pos_R2design15,"797,826,762","1350,1304,1209","253,227,263,177,202,230,82,164,386","1386,1498,1444,986,1091,1133,144,308,591",1,1,0.00279608129362,0.0471549649744,2385,1984,3863,8581,0.3817221510883483,0.187789872219593,0.19393227886875528,TRUE,vae_Kelly_0_to_pos,R2design15,GCACTCCTTTCCTCTAACAAATACCTGCAGCTAGAAACATCACATCCCTCTCTGTGACTCCTGTCTTCTCCCCAGACGGACACCCTCTTTCTGTTGCATGCTTCCAAGACGGGCAGGCAGTCAATTGCCTAAGGTAAAGATCTTTGGTTCCCTAGGGATAGTAGAAAGCTGTAAGTAAGTTAGTTAGGCCAACAGGTCAAGGCGCGAGAGGAGG,105
ENSG00000196839.13;ADA;chr20-44622828-44622930-44621017-44621147-44626455-44626599__0:0:0,vae_Kelly_1_to_pos_R2design10,0.19922996040164634,0.3556606864216723,0.5601575440415257,0.2903618414423063,ENSG00000196839.13;ADA;chr20-44622828-44622930-44621017-44621147-44626455-44626599__0:0:0__vae_Kelly_1_to_pos_R2design10,"1638,1610,1522","1352,1293,1111","279,296,258,543,606,704,119,232,478","1182,1109,1058,1012,1149,1186,296,570,1142",1,1,1.11022302463e-16,3.23406525227e-15,4770,3515,3756,8704,0.5594651653764954,0.28766674850642443,0.27179841687007095,TRUE,vae_Kelly_1_to_pos,R2design10,GAGTTCCTTTTCTGGCCATGGGGTCCCTCCTCACTGCCTCCTCCCATACTTGGCTCTATTCTGCTTCTCTACAGGCTGTGTACATATTTTTCTCTTGCACGCTGGCACAGGAGGAAGGCAGTCAGGAAGACCAGGTAATTTATAACAGTCTCCTAGGGAAAATAGTGAGCTGTGAGTTAGTTAGTCCAGGGAGTGGGGAGGAACCATCCCCGGCT,106
ENSG00000196839.13;ADA;chr20-44622828-44622930-44621017-44621147-44626455-44626599__0:0:0,vae_Kelly_1_to_pos_R2design3,0.12815136481729267,0.22588558730970434,0.37968115260058966,0.21304727991011566,ENSG00000196839.13;ADA;chr20-44622828-44622930-44621017-44621147-44626455-44626599__0:0:0__vae_Kelly_1_to_pos_R2design3,"1175,1157,1077","1928,1958,1692","251,251,243,424,420,426,110,250,475","1735,1732,1605,1297,1505,1573,485,832,1653",1,1,5.60784596537e-9,1.35251596778e-7,3409,2850,5578,12417,0.3793256926671859,0.18667714678718805,0.19264854587999786,TRUE,vae_Kelly_1_to_pos,R2design3,GAGTGCCTTTTCTGGCCATGGGGTCCCTCCTCACTGCCTCCTCCCATACTTGGCTCTATTCTGCTTCTCTACAGGCTGTGTACATATTTTTCTCTTGCACGCTGGCACAGGAGGAAGGCAGTCAGGAAGACCAGGTAAATTATAACAGTCTCCTAGGGAAAATAGTGAGCAGTGAGTTAGTTAGTCAAGGGAGTGGGGAGGAACCATCCCCGGCT,106
ENSG00000196839.13;ADA;chr20-44622828-44622930-44621017-44621147-44626455-44626599__0:0:0,vae_Kelly_1_to_pos_R2design4,0.12689993314144668,0.23298002574117635,0.388636948736248,0.2907011721782333,ENSG00000196839.13;ADA;chr20-44622828-44622930-44621017-44621147-44626455-44626599__0:0:0__vae_Kelly_1_to_pos_R2design4,"876,949,876","1497,1454,1304","206,186,205,325,326,344,125,321,559","1401,1373,1334,994,1079,1216,375,696,1265",1,1,5.22990806061e-5,9.94125744063e-4,2701,2597,4255,9733,0.3882978723404255,0.21062449310624493,0.17767337923418058,TRUE,vae_Kelly_1_to_pos,R2design4,GAGTTCCTTTTCTGGCCATGGGGTCCCTCCTCACTGCCTCCTCCCATACTTGGCTCTATTCTGCTTCTCTACAGGCTGTGTACATATTTTTCTCTTGCACGCTGGCACAGGAGGAAGGCAGTCAGGAAGACCAGGTAAATTATAACAGTCTCCTAGGGAAAATAGTGAGCTGTGAGTTAGTTAGTCAAGGGAGTGGGGAGGAACCATCCCCGGCT,107
ENSG00000196839.13;ADA;chr20-44622828-44622930-44621017-44621147-44626455-44626599__0:0:0,vae_Kelly_1_to_pos_R2design5,0.35291917075884666,0.4650369839593907,0.6425575379557104,0.531603325832776,ENSG00000196839.13;ADA;chr20-44622828-44622930-44621017-44621147-44626455-44626599__0:0:0__vae_Kelly_1_to_pos_R2design5,"985,996,903","547,570,489","298,255,289,320,375,360,153,249,510","491,523,529,351,412,455,118,232,485",1,1,2.35114885803e-4,0.00435836932939,2884,2809,1606,3596,0.6423162583518931,0.4385636221701795,0.20375263618171358,TRUE,vae_Kelly_1_to_pos,R2design5,GAGTTCCTTTTCTGGCCATGGGGTCCCTCCTCACTGCCTCCTCCCATACTTGGCTCTATTCTGCTTCTCTACAGGCTGTGTACATATTTTTCTCTTGCACGCTGGCACAGGAGGAAGGCAGTCAGGAAGACCAGGTAATGTATAACAGTCTCCTAGGGAAAATAGTGAGCTGTGAGTTAGTTAGTCAAGGGAGTGGGGAGGAACCATCCCCGGCT,107
ENSG00000196839.13;ADA;chr20-44622828-44622930-44621017-44621147-44626455-44626599__0:0:0,vae_Kelly_1_to_pos_R2design6,0.158088795013465,0.272807238200914,0.4602361129012287,0.2848608468517187,ENSG00000196839.13;ADA;chr20-44622828-44622930-44621017-44621147-44626455-44626599__0:0:0__vae_Kelly_1_to_pos_R2design6,"1838,1713,1715","2084,2194,1906","346,376,353,559,661,701,209,395,848","2026,1918,1793,1540,1753,1818,551,1073,1883",1,1,3.83429954454e-11,1.01180398569e-9,5266,4448,6184,14355,0.45991266375545853,0.2365579960644578,0.22335466769100074,TRUE,vae_Kelly_1_to_pos,R2design6,GAGTTCCTTTGCTGGCCATGGGGTCCCTCCTCACTGCCTCCTCCCATACTTGGCTCTATTCTGCTTCTCTACAGGCTGTGTACATATTTTTCTCTTGCACGCTGGCACAGGAGGAAGGCAGTCAGGAAGACCAGGTAAATTATAACAGTCTCCTAGGGAAAATAGTGAGCTGTGAGTTAGTTAGTCAAGGGAGTGGGGAGGAACCATCCCCGGCT,107
ENSG00000196839.13;ADA;chr20-44622828-44622930-44621017-44621147-44626455-44626599__0:0:0,vae_Kelly_1_to_pos_R2design8,0.23399852986371267,0.376771188255033,0.6060112844881373,0.377591435940675,ENSG00000196839.13;ADA;chr20-44622828-44622930-44621017-44621147-44626455-44626599__0:0:0__vae_Kelly_1_to_pos_R2design8,"2733,2658,2644","1807,1790,1631","623,567,566,932,1058,1122,221,400,827","2000,1916,1831,1542,1712,1897,338,748,1299",1,1,1.7763568393999998e-15,5.1081646035599995e-14,8035,6316,5228,13283,0.6058207042147327,0.3222613398642788,0.28355936435045387,TRUE,vae_Kelly_1_to_pos,R2design8,GAGTTCCTTTTCTGGCCATGGGGTCCCTCCTCACTGCCTCCTCCCATACTTGGCTCTATTCTGCTTCTCTACAGGCTGTGTACATACTTTTCTCTTGCACGCTGGCACAGGAGGAAGGCAGTCAGGAAGACCAGGTAATTTATAACAGTCTCCTAGGGAAAATAGTGAGCTGTGAGTTAGTCAGTCAAGGGAGTGGGGAGGAACCATCCCCGGCT,107
ENSG00000196839.13;ADA;chr20-44622828-44622930-44621017-44621147-44626455-44626599__0:0:0,vae_Kelly_1_to_pos_R2design9,0.42269893416487997,0.5482900825762863,0.7398717396544366,0.5622212791740266,ENSG00000196839.13;ADA;chr20-44622828-44622930-44621017-44621147-44626455-44626599__0:0:0__vae_Kelly_1_to_pos_R2design9,"2034,1864,1855","710,715,600","532,456,421,588,671,688,146,271,611","657,651,609,489,526,590,121,229,411",1,1,3.77422593179e-9,9.20172691848e-8,5753,4384,2025,4283,0.739650295705837,0.5058266989731164,0.23382359673272057,TRUE,vae_Kelly_1_to_pos,R2design9,GAGTTCCTTTTCTGGCCATGGGGTCCCTCCTCACTGCCTCCTCCCATACTTGGCTCTATTCTGCTTCTCTACAGGCTGTGGACATATTTTTCTCTTGCACGCTGGCACAGGAGGAAGGCAGTCAGGAAGACCAGGTAAATTATAACAGTCTCCTAGGGAAAATAGTGAGCAGTGAGTTAGTTAGTCAAGGGAGTGTGGAGGAACCATCCCCGGCT,106
ENSG00000215861.6;WI2-1896O14.1;chr1-149201013-149201090-149198360-149198484-149261639-149261791__0:0:0,vae_Kelly_1_to_pos_R2design4,0.053839376819689665,0.043738538158124035,0.31569734063914034,0.145893757333279,ENSG00000215861.6;WI2-1896O14.1;chr1-149201013-149201090-149198360-149198484-149261639-149261791__0:0:0__vae_Kelly_1_to_pos_R2design4,"466,413,413","911,981,909","38,36,39,32,40,35,50,82,160","653,677,657,713,796,831,294,490,914",1,1,0,0,1292,512,2801,6025,0.31566088443684337,0.0783233899342206,0.23733749450262276,TRUE,vae_Kelly_1_to_pos,R2design4,ACCAAGTCAAGACTCAAATAGGAACCTGGATCCAGGAAAGAGTGTCTGTGGCAGTTAATAACGATTAATGCCTGTGTGTTTTTCATATTTCTGTTGCACGCTTCCAAGGGAGGAGGGGAGAACGAGAACTCCGGTAAAGGAAATAGCATCTCTAGGGAACATAGTAAGTTGTAAGTTAGTTATCTAGTCCTTTCCAGAGTCTGTCTTACTAATC,103
ENSG00000215861.6;WI2-1896O14.1;chr1-149201013-149201090-149198360-149198484-149261639-149261791__0:0:0,vae_Kelly_1_to_pos_R2design5,0.03865689519915203,0.027653774331768632,0.23274106434793432,0.10127827608886163,ENSG00000215861.6;WI2-1896O14.1;chr1-149201013-149201090-149198360-149198484-149261639-149261791__0:0:0__vae_Kelly_1_to_pos_R2design5,"936,961,883","3090,3191,2886","95,118,84,89,82,69,58,101,237","2447,2521,2395,2605,2919,2984,526,965,1922",1,1,0,0,2780,933,9167,19284,0.23269440026784968,0.04614928030865113,0.18654511995919854,TRUE,vae_Kelly_1_to_pos,R2design5,ACCAAGTCAAGACTCAAATAGGAACCTGGATCCAGGAAAGAGTGTCTGTGGCAGTTAATAACGATTAATGCCTGTGTGTTTTTCATATTTCTGTTGCACGCTTCCAAGGGAGGAGGGGAGAACGAGAGCTCCGGTAAAGGAAATAGCATCTCTAGGGAACATAGTAAGTTGTAAGTTAGTTATCTAGTCCTTTCCAGAGTCTGTCTTACTAATC,104
ENSG00000258216.7;RP11-654D12.2;chr12-90094435-90094479-89989223-89989289-90100702-90100763__0:0:0,vae_Kelly_1_to_pos_R2design11,0.10660748328385167,0.250450265154331,0.8047695128129934,0.22845280183400235,ENSG00000258216.7;RP11-654D12.2;chr12-90094435-90094479-89989223-89989289-90100702-90100763__0:0:0__vae_Kelly_1_to_pos_R2design11,"12539,12129,11730","3116,2979,2742","787,811,759,1669,1877,1942,249,482,922","6837,6614,6310,4919,5705,5812,827,1637,3149",1,1,0,0,36398,9498,8837,41810,0.8046424229026197,0.18511733063070088,0.6195250922719188,TRUE,vae_Kelly_1_to_pos,R2design11,TTAGTTGTTCTCTCTTACCAGATTGTAAGCTAATGAAAGTGTGCATTTGTTATTATTACTATTATTTTATAGTCTAATTATATCTCTGTTTTTTTTGCACGCTACCTTGGCAGGGGGGAAGACACCTCGCAAAGGTAAAGATCCAAGGTAACATAGGGAGTATAGTAAGTAGTCAGTTAGTTAGTAATTTCTGGTTTATATCTTACATGTACATG,98
ENSG00000258216.7;RP11-654D12.2;chr12-90094435-90094479-89989223-89989289-90100702-90100763__0:0:0,vae_Kelly_1_to_pos_R2design12,0.11969660738327832,0.28882983260589634,0.815579595006184,0.22505803935278534,ENSG00000258216.7;RP11-654D12.2;chr12-90094435-90094479-89989223-89989289-90100702-90100763__0:0:0__vae_Kelly_1_to_pos_R2design12,"1710,1716,1668","387,411,355","115,112,117,210,231,257,85,170,274","877,838,817,547,587,581,284,563,1013",1,1,0,0,5094,1571,1153,6107,0.8154314070753962,0.20461057567074759,0.6108208314046486,TRUE,vae_Kelly_1_to_pos,R2design12,TTAGTTGTTCTCTCTTACCAGATTGTAAGCTAATGAAAGTGTGCATTTGTTATTATTACTATTATTTTATAGTCTAATTATATCTCTGTTTTTTTTGCACGCTACCTTGGCAGGGGGGAAGACACCTCGCAAAGGTAAAGATCCAAGGTAACCTAGGGAGTATAGTAAGTAGTCAGTTAGTTAGAAATTTCTGGTTTATATCTTACATGTACATG,98
ENSG00000258216.7;RP11-654D12.2;chr12-90094435-90094479-89989223-89989289-90100702-90100763__0:0:0,vae_Kelly_1_to_pos_R2design13,0.116883057836881,0.24313397305848433,0.834038379843836,0.2803551029341967,ENSG00000258216.7;RP11-654D12.2;chr12-90094435-90094479-89989223-89989289-90100702-90100763__0:0:0__vae_Kelly_1_to_pos_R2design13,"12791,12514,12019","2556,2670,2213","796,818,829,1669,1751,1927,329,556,1176","6372,6062,6039,5067,5652,5935,796,1530,2993",1,1,0,0,37324,9851,7439,40446,0.8338136407300673,0.1958566117263455,0.6379570290037218,TRUE,vae_Kelly_1_to_pos,R2design13,TTAGTTGTTCTCTCTTACCAGATTGTAAGCTAATGAAAGTGTGCATTTGTTATTATTACTATTATTTTATAGTCTAATTATATCTCTGTTTTTTTTGCACGCTACCTTGGCAGGGGGGAAGACACCTCGCAAAGGTAAAGTTCCAAGGTAACCTAGGGAGTATAGTAAGTAGTCAGTTAGTTAGAAATTTCTGGTTTATATCTTACATGTACATG,99
ENSG00000258216.7;RP11-654D12.2;chr12-90094435-90094479-89989223-89989289-90100702-90100763__0:0:0,vae_Kelly_1_to_pos_R2design14,0.18929209351187667,0.4194262555820877,0.8624883716142957,0.31789245848960135,ENSG00000258216.7;RP11-654D12.2;chr12-90094435-90094479-89989223-89989289-90100702-90100763__0:0:0__vae_Kelly_1_to_pos_R2design14,"1588,1534,1493","235,284,218","132,141,140,275,372,354,26,84,127","629,566,578,397,516,469,66,152,276",1,1,0,0,4615,1651,737,3649,0.8622944693572496,0.31150943396226416,0.5507850353949855,TRUE,vae_Kelly_1_to_pos,R2design14,TTAGTTGTTCTCTCTTACCAGATTGTAAGCTAATGAAAGTGTGCATTTGTTATTATTACTATTATTTTATAGTCTAATTATATCTCTGTTTTTTTTGCACGCTACCTTGGCAGGGGGGAAGACACCTCGCAAAGGTAAAGATCCAAGGTAACCTAGGGAGTATAGTAAGTACTCAGTTAGTTAGAAATTTCTGGTTTATATCTTACATGTACATG,98
ENSG00000258216.7;RP11-654D12.2;chr12-90094435-90094479-89989223-89989289-90100702-90100763__0:0:0,vae_Kelly_1_to_pos_R2design15,0.08446661635271006,0.21159513101570468,0.7665649383098649,0.21826122849287066,ENSG00000258216.7;RP11-654D12.2;chr12-90094435-90094479-89989223-89989289-90100702-90100763__0:0:0__vae_Kelly_1_to_pos_R2design15,"3388,3109,3251","993,1042,931","221,245,240,524,605,621,159,301,540","2610,2571,2477,1951,2215,2357,566,1045,2009",1,1,0,0,9748,3456,2966,17801,0.7667138587383986,0.16258173778049584,0.6041321209579027,TRUE,vae_Kelly_1_to_pos,R2design15,TTAGTTGTTCTCTCTTACCAGATTGTAAGCTAATGAAAGTGTGCATTTGTTATTATTACTATTATTTTATAGTCTAATTATATCTCTGTTTTTTTTGCACGCTACCTTGGCAGGGGGGAAGACACCTCGCAAAGGTAAAGATCCAAGGTAACCTAGGGAGTATAGTAAGTAGTCAGTGAGTTAGTAATTTCTGGTTTATATCTTACATGTACATG,99
ENSG00000258216.7;RP11-654D12.2;chr12-90094435-90094479-89989223-89989289-90100702-90100763__0:0:0,vae_Kelly_1_to_pos_R2design16,0.183878724679183,0.367397072914867,0.8671223679865013,0.303136629516131,ENSG00000258216.7;RP11-654D12.2;chr12-90094435-90094479-89989223-89989289-90100702-90100763__0:0:0__vae_Kelly_1_to_pos_R2design16,"3705,3716,3425","560,608,497","361,381,417,609,691,715,191,356,721","1757,1714,1675,1056,1174,1239,465,810,1583",1,1,0,0,10846,4442,1665,11473,0.8669171129406122,0.2791077599748665,0.5878093529657458,TRUE,vae_Kelly_1_to_pos,R2design16,TTAGTTGTTCTCTCTTACCAGATTGTAAGCTAATGAAAGTGTGCATTTGTTATTATTACTATTATTTTATAGTCTAATTATATCTCTGTTTTTTTTGCACGCTACCTTGGCAGGGGGGAAGACACCTCGCAAAGGTAAAGATCCAAGGTAACATAGGGAGTATAGTAAGTACTCAGTGAGTTAGTAATTTCTGGTTTATATCTTACATGTACATG,98
ENSG00000285219.2;HULC;chr6-8652286-8652390-8558584-8558643-8653544-8653776__0:0:0,vae_Kelly_0_to_pos_R2design2,0.00690235690235692,0.00412227074235808,0.1526901773824,0.00763448437867044,ENSG00000285219.2;HULC;chr6-8652286-8652390-8558584-8558643-8653544-8653776__0:0:0__vae_Kelly_0_to_pos_R2design2,"49,40,46","271,263,220","1,0,3,0,1,2,0,1,1","179,170,195,199,228,248,30,65,128",1,1,0.00179305437714,0.0309370843687,135,9,754,1442,0.15185601799775028,0.006202618883528601,0.14565339911422168,TRUE,vae_Kelly_0_to_pos,R2design2,GGTGTAACTCATGATGGAATTGGAGCCTTTACAAGGGAATGAAGAGACAAGAGCTCTCTTTATGCCACGTGAGTATACAGCAAGTCCCTTTTCTTTGCACGCTGCCGAGGCAGGAAGGGAGTCAGACCATGCAGGTAAAGATATTGTGTACCTTAGGGATTACAGAAAGGTGTTAGTTAGTTAGTTATTTAAGCCACCCAGTCTTTGTTATTTTT,105
