"","libraryID","id","293","A375","HEK","K562","HEK_to_A375_fold_change","A375_to_HEK_fold_change"
"1","DC299","ENSG00000007392.17;LUC7L;chr16-228332-228402-227241-227336-229278-229374",0.19130862981657,0.0794340576048509,0.315801286847224,0.894530886052362,-0.703222256235792,0.703222256235792
"2","DC299","ENSG00000028203.18;VEZT;chr12-95256549-95256622-95251939-95252071-95257149-95257181",0.158604940834544,0.156883835279656,0.287118780096308,0.823791490309646,-0.665186549475101,0.665186549475101
"3","DC299","ENSG00000088367.23;EPB41L1;chr20-36214359-36214440-36212271-36212376-36218875-36218962",0.303542411439714,0.29720913374411,0.577984084880637,0.96673988076561,-0.663197469325896,0.663197469325896
"4","DC298","ENSG00000007392.17;LUC7L;chr16-228332-228402-227241-227336-229278-229374",0.275761739270993,0.117755714615562,0.453110941933698,0.933909618120144,-0.658147878849151,0.658147878849151
"5","DC298","ENSG00000196387.10;ZNF140;chr12-133100986-133101053-133083465-133083561-133105509-133107428",0.269196822594881,0.408,0.266832917705736,0.878086419753086,-0.608889597158206,0.608889597158206
"6","DC297","ENSG00000114062.22;UBE3A;chr15-25409087-25409207-25405460-25405502-25438488-25438999",0.278362573099415,0.226277372262774,0.27008652657602,0.874666666666667,-0.596304093567251,0.596304093567251
"7","DC298","ENSG00000028203.18;VEZT;chr12-95256549-95256622-95251939-95252071-95257149-95257181",0.190917107583774,0.161271336080047,0.248147725977431,0.768377823408624,-0.57746071582485,0.57746071582485
"8","DC297","ENSG00000138834.14;MAPK8IP3;chr16-1744977-1745103-1743334-1743476-1747028-1747275",0.339670280706966,0.135047396442021,0.511566771819138,0.914363565589724,-0.574693284882758,0.574693284882758
"9","DC299","ENSG00000006194.10;ZNF263;chr16-3288453-3288570-3283954-3284205-3289392-3289875",0.235009671179884,0.12685004692802,0.4336818932306,0.805184331797235,-0.570174660617351,0.570174660617351
"10","DC299","ENSG00000138834.14;MAPK8IP3;chr16-1744977-1745103-1743334-1743476-1747028-1747275",0.102058392903281,0.0666134577603143,0.29489593138793,0.671175858480749,-0.569117465577468,0.569117465577468
"11","DC297","ENSG00000076984.18;MAP2K7;chr19-7905807-7905855-7903884-7904068-7909754-7909896",0.219054174584093,0.0671515984015984,0.356634646045918,0.782432522197374,-0.563378347613281,0.563378347613281
"12","DC297","ENSG00000005810.19;MYCBP2;chr13-77233155-77233263-77225434-77225554-77243058-77243160",0.21718931475029,0.0960548885077187,0.249703440094899,0.766600594648167,-0.549411279897876,0.549411279897876
"13","DC299","ENSG00000254901.8;BORCS8;chr19-19186033-19186098-19181881-19182683-19192080-19192152",0.412731006160164,0.408028759736369,0.614188919888402,0.958376156217883,-0.545645150057719,0.545645150057719
"14","DC298","ENSG00000005810.19;MYCBP2;chr13-77233155-77233263-77225434-77225554-77243058-77243160",0.111037891268534,0.0602517985611511,0.200678040244969,0.652322036937422,-0.541284145668888,0.541284145668888
"15","DC297","ENSG00000132199.20;ENOSF1;chr18-677344-677444-675320-675402-683245-683380",0.110986547085202,0.136124456646076,0.164617486338798,0.652138821630347,-0.541152274545145,0.541152274545145
"16","DC299","ENSG00000213923.13;CSNK1E;chr22-38295386-38295447-38294341-38294534-38298785-38298934",0.0907155025553663,0.0428824049513705,0.209867715409367,0.629310344827586,-0.53859484227222,0.53859484227222
"17","DC298","ENSG00000114062.22;UBE3A;chr15-25409087-25409207-25405460-25405502-25438488-25438999",0.135048231511254,0.174296371651407,0.186979722518677,0.67032967032967,-0.535281438818416,0.535281438818416
"18","DC298","ENSG00000139793.19;MBNL2;chr13-97366458-97366553-97357481-97357635-97391321-97391599",0.0609857978279031,0.251778093883357,0.24634858812074,0.591836734693878,-0.530850936865974,0.530850936865974
"19","DC298","ENSG00000213923.13;CSNK1E;chr22-38295386-38295447-38294341-38294534-38298785-38298934",0.205031918888472,0.0606585788561525,0.224543946932007,0.734485467399843,-0.529453548511371,0.529453548511371
"20","DC299","ENSG00000105552.15;BCAT2;chr19-48806999-48807074-48800186-48800297-48810983-48811027",0.33411214953271,0.235023041474654,0.522075055187638,0.854483925549915,-0.520371776017205,0.520371776017205
"21","DC298","ENSG00000130529.16;TRPM4;chr19-49181348-49181461-49172008-49172108-49182577-49182867",0.33092876465284,0.110803324099723,0.332843137254902,0.844574780058651,-0.513646015405811,0.513646015405811
"22","DC297","ENSG00000028203.18;VEZT;chr12-95256549-95256622-95251939-95252071-95257149-95257181",0.2816074653823,0.171764705882353,0.278561736770692,0.792345140171227,-0.510737674788927,0.510737674788927
"23","DC297","ENSG00000140416.23;TPM1;chr15-63061197-63061273-63060868-63060939-63061712-63061788",0.0641911341393207,0.0612472160356347,0.0951773953686,0.57183908045977,-0.50764794632045,0.50764794632045
"24","DC297","ENSG00000131051.24;RBM39;chr20-35740524-35740597-35738967-35739017-35740823-35740887",0.150034667194929,0.0815941927828575,0.182085381131348,0.656607747962268,-0.506573080767339,0.506573080767339
"25","DC299","ENSG00000080823.23;MOK;chr14-102231706-102231821-102229213-102229657-102232534-102232671",0.406551724137931,0.220666666666667,0.572423025435074,0.908555729984301,-0.50200400584637,0.50200400584637
"26","DC297","ENSG00000213923.13;CSNK1E;chr22-38295386-38295447-38294341-38294534-38298785-38298934",0.234210526315789,0.062793427230047,0.230893651435503,0.729903536977492,-0.495693010661703,0.495693010661703
"27","DC298","ENSG00000076984.18;MAP2K7;chr19-7905807-7905855-7903884-7904068-7909754-7909896",0.126764121685194,0.0669195852432024,0.351973403073347,0.611775389738156,-0.485011268052963,0.485011268052963
"28","DC299","ENSG00000139793.19;MBNL2;chr13-97366458-97366553-97357481-97357635-97391321-97391599",0.267708998085514,0.222470995318543,0.589349718381976,0.747663551401869,-0.479954553316355,0.479954553316355
"29","DC299","ENSG00000130529.16;TRPM4;chr19-49181348-49181461-49172008-49172108-49182577-49182867",0.234714003944773,0.117041555470835,0.337714592274678,0.710675605982465,-0.475961602037692,0.475961602037692
"30","DC298","ENSG00000185379.21;RAD51D;chr17-35118500-35118619-35107365-35107447-35119110-35119157",0.121531294308284,0.142612785973915,0.0984582093589397,0.588235294117647,-0.466703999809363,0.466703999809363
"31","DC299","ENSG00000100523.16;DDHD1;chr14-53051843-53051927-53036744-53046949-53054437-53054629",0.246274509803922,0.112278397898884,0.414435389988359,0.710819009100101,-0.46454449929618,0.46454449929618
"32","DC299","ENSG00000105357.19;MYH14;chr19-50224153-50224177-50223246-50223349-50225584-50225677",0.363095238095238,0.281481481481481,0.365019011406844,0.810096153846154,-0.447000915750916,0.447000915750916
"33","DC298","ENSG00000088367.23;EPB41L1;chr20-36214359-36214440-36212271-36212376-36218875-36218962",0.422339335382814,0.312100506942914,0.411937019406811,0.866390728476821,-0.444051393094008,0.444051393094008
"34","DC297","ENSG00000254901.8;BORCS8;chr19-19186033-19186098-19181881-19182683-19192080-19192152",0.506437768240343,0.506493506493506,0.547169811320755,0.947409126063418,-0.440971357823075,0.440971357823075
"35","DC298","ENSG00000138834.14;MAPK8IP3;chr16-1744977-1745103-1743334-1743476-1747028-1747275",0.0581995076778807,0.0390775619160611,0.141048491180628,0.496934396076027,-0.438734888398146,0.438734888398146
"36","DC299","ENSG00000149657.20;LSM14B;chr20-62127584-62127701-62126303-62126439-62129784-62129952",0.155558163185481,0.0814876165540089,0.437542860157198,0.593702549348677,-0.438144386163197,0.438144386163197
"37","DC298","ENSG00000105552.15;BCAT2;chr19-48806999-48807074-48800186-48800297-48810983-48811027",0.391566265060241,0.3696,0.676231727125068,0.8248730964467,-0.43330683138646,0.43330683138646
"38","DC297","ENSG00000198088.10;NUP62CL;chrX-107150855-107150967-107147742-107147809-107153171-107153306",0.112975849365534,0.0529085062847121,0.147687132043734,0.540679711637487,-0.427703862271953,0.427703862271953
"39","DC298","ENSG00000006194.10;ZNF263;chr16-3288453-3288570-3283954-3284205-3289392-3289875",0.249465708179522,0.0865323604060914,0.234543670264966,0.6765168186105,-0.427051110430978,0.427051110430978
"40","DC297","ENSG00000160953.17;PWWP3A;chr19-1358587-1358700-1357008-1358464-1360135-1360631",0.434946101779895,0.157991795566595,0.714025356576862,0.860323886639676,-0.425377784859781,0.425377784859781
"41","DC298","ENSG00000080823.23;MOK;chr14-102231706-102231821-102229213-102229657-102232534-102232671",0.35895754794296,0.242797397769517,0.389502762430939,0.773021001615509,-0.414063453672549,0.414063453672549
"42","DC299","ENSG00000076984.18;MAP2K7;chr19-7905807-7905855-7903884-7904068-7909754-7909896",0.0569767876966061,0.0675521340044837,0.305084886679193,0.468666966439112,-0.411690178742506,0.411690178742506
"43","DC299","ENSG00000005810.19;MYCBP2;chr13-77233155-77233263-77225434-77225554-77243058-77243160",0.0764790764790765,0.0538154298927896,0.172168825741747,0.485289791115034,-0.408810714635957,0.408810714635957
"44","DC297","ENSG00000100523.16;DDHD1;chr14-53051843-53051927-53036744-53046949-53054437-53054629",0.532748143146523,0.192576817766961,0.543320610687023,0.939424031777557,-0.406675888631034,0.406675888631034
"45","DC299","ENSG00000049759.20;NEDD4L;chr18-58335477-58335537-58333817-58333892-58341037-58341169",0.128571428571429,0.0618834080717489,0.209314495028781,0.5263671875,-0.397795758928571,0.397795758928571
"46","DC298","ENSG00000160953.17;PWWP3A;chr19-1358587-1358700-1357008-1358464-1360135-1360631",0.208063684783231,0.104093166638123,0.463965323310746,0.604163022564282,-0.396099337781051,0.396099337781051
"47","DC299","ENSG00000177410.13;ZFAS1;chr20-49280902-49280964-49280321-49280570-49289044-49289260",0.458022233283557,0.612683530868565,0.606221074157787,0.848387346875485,-0.390365113591927,0.390365113591927
"48","DC297","ENSG00000006194.10;ZNF263;chr16-3288453-3288570-3283954-3284205-3289392-3289875",0.430849901682325,0.18882817243473,0.470826182887963,0.811078348778433,-0.380228447096108,0.380228447096108
"49","DC298","ENSG00000088367.23;EPB41L1;chr20-36195328-36195364-36194211-36194360-36197858-36198041",0.550662441128571,0.594265935614298,0.551367240570116,0.927771792589817,-0.377109351461246,0.377109351461246
"50","DC299","ENSG00000160953.17;PWWP3A;chr19-1358587-1358700-1357008-1358464-1360135-1360631",0.141035799178852,0.0509847045886234,0.348253080173799,0.51277754503561,-0.371741745856758,0.371741745856758
"51","DC297","ENSG00000100281.14;HMGXB4;chr22-35263981-35264096-35263795-35263874-35264647-35265567",0.140051407104725,0.112598003715482,0.09967375137936,0.51103991687592,-0.370988509771194,0.370988509771194
"52","DC297","ENSG00000138592.14;USP8;chr15-50484274-50484361-50481480-50482065-50489800-50489881",0.0813278008298755,0.0146341463414634,0.0717948717948718,0.451428571428571,-0.370100770598696,0.370100770598696
"53","DC297","ENSG00000149657.20;LSM14B;chr20-62127584-62127701-62126303-62126439-62129784-62129952",0.458868561048398,0.182141027829947,0.760895420949792,0.81851506264996,-0.359646501601562,0.359646501601562
"54","DC299","ENSG00000088367.23;EPB41L1;chr20-36195328-36195364-36194211-36194360-36197858-36198041",0.605406329222092,0.501799333977871,0.738995887454701,0.964698107319222,-0.35929177809713,0.35929177809713
"55","DC298","ENSG00000146872.19;TLK2;chr17-62524235-62524331-62523133-62523177-62536169-62536337",0.545592244774311,0.272727272727273,0.601835915088927,0.900948766603416,-0.355356521829105,0.355356521829105
"56","DC299","ENSG00000146872.19;TLK2;chr17-62524235-62524331-62523133-62523177-62536169-62536337",0.606830122591944,0.518565941101152,0.779838533711543,0.959161931818182,-0.352331809226238,0.352331809226238
"57","DC297","ENSG00000224078.15;SNHG14;chr15-25061305-25061413-25059456-25059718-25061949-25062088",0.167726847521048,0.0760703363914373,0.131238447319778,0.51717032967033,-0.349443482149282,0.349443482149282
"58","DC297","ENSG00000007392.17;LUC7L;chr16-228332-228402-227241-227336-229278-229374",0.526396327467483,0.151823072325164,0.630466122056703,0.874652777777778,-0.348256450310295,0.348256450310295
"59","DC297","ENSG00000196123.13;KIAA0895L;chr16-67181605-67181697-67180040-67180666-67183261-67184040",0.116512152342771,0.135389244076721,0.126115672973938,0.463359407163442,-0.346847254820671,0.346847254820671
"60","DC299","ENSG00000091039.17;OSBPL8;chr12-76459858-76459895-76450850-76450988-76487509-76487618",0.178761521485136,0.09398918256965,0.396937888614027,0.52346676459787,-0.344705243112734,0.344705243112734
"61","DC299","ENSG00000132199.20;ENOSF1;chr18-677344-677444-675320-675402-683245-683380",0.0469565217391304,0.0962176509621765,0.0966122961104141,0.389845874886673,-0.342889353147542,0.342889353147542
"62","DC297","ENSG00000283103.3;LLNLR-245B6.1;chr19-58325274-58325361-58314670-58315036-58326822-58326859",0.131780744106788,0.0310804867321507,0.143136016535569,0.470803203483399,-0.339022459376612,0.339022459376612
"63","DC297","ENSG00000105357.19;MYH14;chr19-50224153-50224177-50223246-50223349-50225584-50225677",0.284488920657613,0.169590643274854,0.189325842696629,0.621268656716418,-0.336779736058805,0.336779736058805
"64","DC299","ENSG00000213024.12;NUP62;chr19-49927693-49927815-49906824-49909884-49929325-49929429",0.609945446915653,0.510189013585351,0.867358265027322,0.946693487553432,-0.33674804063778,0.33674804063778
"65","DC299","ENSG00000087586.18;AURKA;chr20-56388686-56388784-56388155-56388202-56390555-56390665",0.498882201203783,0.553154375423975,0.736625206054248,0.834834834834835,-0.335952633631051,0.335952633631051
"66","DC297","ENSG00000080823.23;MOK;chr14-102231706-102231821-102229213-102229657-102232534-102232671",0.464824654622742,0.189753694581281,0.432819074333801,0.795310210063508,-0.330485555440766,0.330485555440766
"67","DC297","ENSG00000091039.17;OSBPL8;chr12-76459858-76459895-76450850-76450988-76487509-76487618",0.551238095238095,0.100964162270329,0.67866847826087,0.880503144654088,-0.329265049415993,0.329265049415993
"68","DC297","ENSG00000196387.10;ZNF140;chr12-133100986-133101053-133083465-133083561-133105509-133107428",0.536412817311694,0.46858485026424,0.483308605341246,0.865147783251232,-0.328734965939538,0.328734965939538
"69","DC298","ENSG00000283103.3;LLNLR-245B6.1;chr19-58325274-58325361-58314670-58315036-58326822-58326859",0.0943531093638313,0.0572192513368984,0.120010715242432,0.421434552051354,-0.327081442687522,0.327081442687522
"70","DC298","ENSG00000131051.24;RBM39;chr20-35740524-35740597-35738967-35739017-35740823-35740887",0.0437410603054492,0.0332465248418845,0.06826801517067,0.367305484412258,-0.323564424106809,0.323564424106809
"71","DC298","ENSG00000049759.20;NEDD4L;chr18-58335477-58335537-58333817-58333892-58341037-58341169",0.0726351351351351,0.024,0.0525164113785558,0.391752577319588,-0.319117442184452,0.319117442184452
"72","DC297","ENSG00000185379.21;RAD51D;chr17-35118500-35118619-35107365-35107447-35119110-35119157",0.401571440772056,0.176545920234175,0.235800218738607,0.717532467532468,-0.315961026760412,0.315961026760412
"73","DC298","ENSG00000254901.8;BORCS8;chr19-19186033-19186098-19181881-19182683-19192080-19192152",0.64883401920439,0.776859504132231,0.795321637426901,0.96420581655481,-0.31537179735042,0.31537179735042
"74","DC298","ENSG00000177410.13;ZFAS1;chr20-49280902-49280964-49280321-49280570-49289044-49289260",0.497303789401441,0.619284175245391,0.548445464804078,0.812225986448784,-0.314922197047343,0.314922197047343
"75","DC299","ENSG00000196387.10;ZNF140;chr12-133100986-133101053-133083465-133083561-133105509-133107428",0.62960687960688,0.655828707375099,0.703500632644454,0.943458980044346,-0.313852100437466,0.313852100437466
"76","DC298","ENSG00000141380.14;SS18;chr18-26035830-26035923-26035004-26035127-26038554-26038659",0.101903695408735,0.0390117035110533,0.0647058823529412,0.41566265060241,-0.313758955193675,0.313758955193675
"77","DC298","ENSG00000140416.23;TPM1;chr15-63061197-63061273-63060868-63060939-63061712-63061788",0.0933721247386126,0.123198395788946,0.119605772615276,0.407083515522519,-0.313711390783906,0.313711390783906
"78","DC299","ENSG00000114062.22;UBE3A;chr15-25409087-25409207-25405460-25405502-25438488-25438999",0.119162640901771,0.280639431616341,0.32409381663113,0.423280423280423,-0.304117782378652,0.304117782378652
"79","DC297","ENSG00000141380.14;SS18;chr18-26035830-26035923-26035004-26035127-26038554-26038659",0.0797101449275362,0.0357142857142857,0.0351758793969849,0.381818181818182,-0.302108036890646,0.302108036890646
"80","DC299","ENSG00000283103.3;LLNLR-245B6.1;chr19-58325274-58325361-58314670-58315036-58326822-58326859",0.080984018674807,0.0564610011641444,0.138145315487572,0.381219039414172,-0.300235020739365,0.300235020739365
"81","DC299","ENSG00000132199.20;ENOSF1;chr18-678695-678737-675320-675402-683245-683380",0.15364439133856,0.0813663248141516,0.221156756240144,0.450664858428156,-0.297020467089596,0.297020467089596
"82","DC299","ENSG00000124222.22;STX16;chr20-58659622-58659634-58651271-58652087-58667489-58667597",0.0694395488191752,0.0251572327044025,0.112497400707008,0.358867610324729,-0.289428061505554,0.289428061505554
"83","DC297","ENSG00000126214.21;KLC1;chr14-103684985-103685036-103679308-103679518-103687080-103687211",0.03703434225844,0.0125802879291251,0.0327824841904307,0.323634878126277,-0.286600535867837,0.286600535867837
"84","DC297","ENSG00000088367.23;EPB41L1;chr20-36195328-36195364-36194211-36194360-36197858-36198041",0.655976867976605,0.556047107639736,0.59738714723183,0.941545564862225,-0.28556869688562,0.28556869688562
"85","DC297","ENSG00000130529.16;TRPM4;chr19-49181348-49181461-49172008-49172108-49182577-49182867",0.518518518518518,0.125748502994012,0.443548387096774,0.800664451827243,-0.282145933308724,0.282145933308724
"86","DC299","ENSG00000186575.19;NF2;chr22-29683019-29683064-29681438-29681601-29694751-29694811",0.232308993515647,0.0624040359728011,0.455764347384459,0.512372154404487,-0.28006316088884,0.28006316088884
"87","DC297","ENSG00000105552.15;BCAT2;chr19-48806999-48807074-48800186-48800297-48810983-48811027",0.530805687203792,0.233628318584071,0.549217002237136,0.804611650485437,-0.273805963281645,0.273805963281645
"88","DC299","ENSG00000131051.24;RBM39;chr20-35740524-35740597-35738967-35739017-35740823-35740887",0.0257720363764902,0.0269907795473596,0.0480631879673977,0.295117032329035,-0.269344995952545,0.269344995952545
"89","DC298","ENSG00000196712.18;NF1;chr17-31252937-31253000-31248983-31249119-31258343-31258502",0.679399073038197,0.547387387387387,0.707721639656816,0.947051064631619,-0.267651991593421,0.267651991593421
"90","DC299","ENSG00000204842.18;ATXN2;chr12-111464661-111464715-111457213-111457359-111470107-111470240",0.072336265884653,0.0529610014443909,0.17441297506657,0.331773336706299,-0.259437070821646,0.259437070821646
"91","DC297","ENSG00000168781.22;PPIP5K1;chr15-43564102-43564165-43558794-43558932-43564866-43564992",0.17929622044312,0.0633802816901408,0.13835548990645,0.437934904601571,-0.258638684158451,0.258638684158451
"92","DC297","ENSG00000196712.18;NF1;chr17-31252937-31253000-31248983-31249119-31258343-31258502",0.621662852784134,0.700994035785288,0.820826952526799,0.875527895087797,-0.253865042303663,0.253865042303663
"93","DC298","ENSG00000132199.20;ENOSF1;chr18-678695-678737-675320-675402-683245-683380",0.205579024378732,0.0737402385485062,0.262367069515245,0.454451345755694,-0.248872321376962,0.248872321376962
"94","DC297","ENSG00000125962.15;ARMCX5;chrX-102600919-102601032-102599509-102599847-102601463-102601509",0.0163880694854146,0.0418410041841004,0.0921985815602837,0.26326852338413,-0.246880453898716,0.246880453898716
"95","DC299","ENSG00000196712.18;NF1;chr17-31252937-31253000-31248983-31249119-31258343-31258502",0.725204408105226,0.683534449202024,0.789670658682635,0.961113385182153,-0.235908977076927,0.235908977076927
"96","DC297","ENSG00000161692.18;DBF4B;chr17-44732177-44732265-44730964-44731015-44734089-44734163",0.0917497921862012,0.0209846650524617,0.0707861601946884,0.326722551625434,-0.234972759439233,0.234972759439233
"97","DC298","ENSG00000198088.10;NUP62CL;chrX-107150855-107150967-107147742-107147809-107153171-107153306",0.03494771601541,0.0365296803652968,0.0681525932276039,0.268014059753954,-0.233066343738544,0.233066343738544
"98","DC297","ENSG00000054654.19;SYNE2;chr14-64215285-64215354-64214143-64214470-64216247-64216387",0.10923679298872,0.0363303997548054,0.158300856689031,0.341237260788759,-0.232000467800039,0.232000467800039
"99","DC298","ENSG00000138592.14;USP8;chr15-50484274-50484361-50481480-50482065-50489800-50489881",0.0311750599520384,0.00317124735729387,0.032258064516129,0.261229314420804,-0.230054254468765,0.230054254468765
"100","DC299","ENSG00000140416.23;TPM1;chr15-63061197-63061273-63060868-63060939-63061712-63061788",0.0868441457741018,0.0879470847623714,0.172401303875407,0.315004659832246,-0.228160514058144,0.228160514058144
"101","DC297","ENSG00000282826.2;FRG1CP;chr20-28601656-28601756-28600391-28600461-28602608-28602761",0.0450600107977906,0.016323199347072,0.0705913111682426,0.268118017759954,-0.223058006962164,0.223058006962164
"102","DC297","ENSG00000100296.14;THOC5;chr22-29550727-29550843-29549051-29549158-29553670-29553741",0.0263576749220093,0.0144221244898768,0.0588235294117647,0.24187756497948,-0.215519890057471,0.215519890057471
"103","DC298","ENSG00000087586.18;AURKA;chr20-56388686-56388784-56388155-56388202-56390555-56390665",0.686014803272302,0.682130402620733,0.815239551478084,0.898363906792266,-0.212349103519963,0.212349103519963
"104","DC298","ENSG00000091039.17;OSBPL8;chr12-76459858-76459895-76450850-76450988-76487509-76487618",0.123069339467631,0.0409158650589351,0.189909479391628,0.330754886387181,-0.207685546919551,0.207685546919551
"105","DC298","ENSG00000186575.19;NF2;chr22-29683019-29683064-29681438-29681601-29694751-29694811",0.177518322822567,0.054280352244839,0.241105618603356,0.384455958549223,-0.206937635726656,0.206937635726656
"106","DC298","ENSG00000204842.18;ATXN2;chr12-111464661-111464715-111457213-111457359-111470107-111470240",0.0663308144416457,0.0281047675103002,0.0935257121716611,0.272305909617613,-0.205975095175967,0.205975095175967
"107","DC297","ENSG00000088367.23;EPB41L1;chr20-36214359-36214440-36212271-36212376-36218875-36218962",0.718920198910727,0.556533384350488,0.726704971271546,0.923091976516634,-0.204171777605907,0.204171777605907
"108","DC299","ENSG00000126214.21;KLC1;chr14-103692358-103692425-103686862-103687211-103700654-103700727",0.743479429954289,0.767913549459684,0.913572444303997,0.946044255835102,-0.202564825880813,0.202564825880813
"109","DC297","ENSG00000204842.18;ATXN2;chr12-111464661-111464715-111457213-111457359-111470107-111470240",0.06303180503924,0.019807223811037,0.0855207451312447,0.265200088436878,-0.202168283397638,0.202168283397638
"110","DC299","ENSG00000119688.21;ABCD4;chr14-74299547-74299675-74297835-74298069-74300149-74300268",0.675189965022313,0.394213724993669,0.879767564712097,0.875442549082716,-0.200252584060403,0.200252584060403
"111","DC298","ENSG00000100523.16;DDHD1;chr14-53051843-53051927-53036744-53046949-53054437-53054629",0.21553651266766,0.106738683127572,0.377221188018277,0.413417292322596,-0.197880779654936,0.197880779654936
"112","DC298","ENSG00000179029.15;TMEM107;chr17-8175958-8176026-8174002-8174272-8176199-8176316",0.0985119047619048,0.0479933802234175,0.0654066680823954,0.283377837116155,-0.18486593235425,0.18486593235425
"113","DC298","ENSG00000224078.15;SNHG14;chr15-25061305-25061413-25059456-25059718-25061949-25062088",0.114692744174816,0.155435620663069,0.109966262423635,0.298530954879328,-0.183838210704513,0.183838210704513
"114","DC298","ENSG00000132199.20;ENOSF1;chr18-677344-677444-675320-675402-683245-683380",0.0348986399794714,0.0701107011070111,0.0526411990495339,0.214323328067404,-0.179424688087932,0.179424688087932
"115","DC297","ENSG00000132199.20;ENOSF1;chr18-678695-678737-675320-675402-683245-683380",0.495294713550692,0.159553406251014,0.486954371213058,0.66967356543776,-0.174378851887068,0.174378851887068
"116","DC299","ENSG00000185379.21;RAD51D;chr17-35118500-35118619-35107365-35107447-35119110-35119157",0.117743254292723,0.0688943894389439,0.146837820914214,0.288793103448276,-0.171049849155553,0.171049849155553
"117","DC297","ENSG00000213024.12;NUP62;chr19-49927693-49927815-49906824-49909884-49929325-49929429",0.741278584543482,0.621731586190391,0.910986009698456,0.911714600661389,-0.170436016117907,0.170436016117907
"118","DC298","ENSG00000213024.12;NUP62;chr19-49927693-49927815-49906824-49909884-49929325-49929429",0.546941778182582,0.576079488399133,0.755345193406235,0.7166147917593,-0.169673013576718,0.169673013576718
"119","DC297","ENSG00000126214.21;KLC1;chr14-103692358-103692425-103686862-103687211-103700654-103700727",0.741319444444444,0.812508843922456,0.783551810237204,0.907332950411641,-0.166013505967196,0.166013505967196
"120","DC297","ENSG00000282826.2;FRG1CP;chr20-28583869-28583946-28583024-28583110-28586298-28586403",0.0278734732226746,0.0146126275158533,0.041025641025641,0.193601994183631,-0.165728520960956,0.165728520960956
"121","DC298","ENSG00000149657.20;LSM14B;chr20-62127584-62127701-62126303-62126439-62129784-62129952",0.139428968595102,0.0829691502873996,0.359075988266518,0.30476052109061,-0.165331552495508,0.165331552495508
"122","DC297","ENSG00000100813.15;ACIN1;chr14-23071124-23071186-23069475-23069617-23071426-23071538",0.0986001839174415,0.0147713116212849,0.0779411764705882,0.259412068076328,-0.160811884158886,0.160811884158886
"123","DC299","ENSG00000141380.14;SS18;chr18-26035830-26035923-26035004-26035127-26038554-26038659",0.0273605150214592,0.0216200634188527,0.0183928840645259,0.183336116213057,-0.155975601191598,0.155975601191598
"124","DC297","ENSG00000049759.20;NEDD4L;chr18-58335477-58335537-58333817-58333892-58341037-58341169",0.0349708576186511,0.018348623853211,0.0316789862724393,0.190070921985816,-0.155100064367164,0.155100064367164
"125","DC299","ENSG00000121067.19;SPOP;chr17-49675894-49676016-49668026-49668078-49677932-49678000",0.0117647058823529,0.0120938187148791,0.041697147037308,0.165116279069767,-0.153351573187414,0.153351573187414
"126","DC298","ENSG00000124222.22;STX16;chr20-58659622-58659634-58651271-58652087-58667489-58667597",0.0491591203104787,0.0101088646967341,0.0494450050454087,0.2003432003432,-0.151184080032722,0.151184080032722
"127","DC299","ENSG00000198088.10;NUP62CL;chrX-107150855-107150967-107147742-107147809-107153171-107153306",0.0174856798311727,0.0164981373070782,0.0422143188495438,0.16545768566494,-0.147972005833767,0.147972005833767
"128","DC297","ENSG00000119688.21;ABCD4;chr14-74299547-74299675-74297835-74298069-74300149-74300268",0.775452076571504,0.573177383188898,0.900548696844993,0.921855618953113,-0.146403542381609,0.146403542381609
"129","DC299","ENSG00000100109.17;TFIP11;chr22-26510616-26510692-26510063-26510281-26512098-26512175",0.651612903225806,0.923728813559322,0.825575173889781,0.791208791208791,-0.139595887982985,0.139595887982985
"130","DC299","ENSG00000179029.15;TMEM107;chr17-8175958-8176026-8174002-8174272-8176199-8176316",0.0177622589949901,0.00435729847494553,0.0129639992538705,0.15735082674335,-0.13958856774836,0.13958856774836
"131","DC299","ENSG00000167766.19;ZNF83;chr19-52616717-52616841-52614671-52614797-52618935-52619062",0.836978690484563,0.907626633807156,0.953168144165092,0.975229864844496,-0.138251174359933,0.138251174359933
"132","DC297","ENSG00000100109.17;TFIP11;chr22-26510616-26510692-26510063-26510281-26512098-26512175",0.764099454214676,0.9763018397256,0.970145903479237,0.899657366617719,-0.135557912403043,0.135557912403043
"133","DC299","ENSG00000100813.15;ACIN1;chr14-23071124-23071186-23069475-23069617-23071426-23071538",0.0494750467424133,0.0127964310871096,0.0459275487051091,0.181924653523326,-0.132449606780913,0.132449606780913
"134","DC298","ENSG00000167766.19;ZNF83;chr19-52616717-52616841-52614671-52614797-52618935-52619062",0.860825541147905,0.95274031918842,0.96429879165141,0.988851507355366,-0.128025966207461,0.128025966207461
"135","DC297","ENSG00000073060.17;SCARB1;chr12-124782682-124782811-124776855-124778586-124786356-124786503",0.00575843720387783,0.0124415727247732,0.00826543865863738,0.130191521411663,-0.124433084207786,0.124433084207786
"136","DC298","ENSG00000133030.22;MPRIP;chr17-17180606-17180669-17180002-17180088-17184822-17185560",0.225986944358098,0.171224732461356,0.269019100032373,0.347530864197531,-0.121543919839433,0.121543919839433
"137","DC298","ENSG00000161265.15;U2AF1L4;chr19-35744625-35744738-35744069-35744421-35745124-35745176",0.00671296296296296,0.0451299628677521,0.0601401323472168,0.127302275189599,-0.120589312226636,0.120589312226636
"138","DC297","ENSG00000168411.14;RFWD3;chr16-74664623-74664745-74660779-74661451-74666785-74666832",0.854777070063694,0.941304347826087,0.969369369369369,0.974754558204769,-0.119977488141074,0.119977488141074
"139","DC299","ENSG00000161692.18;DBF4B;chr17-44732177-44732265-44730964-44731015-44734089-44734163",0.0422672591308117,0.0182563702040418,0.0531029619181946,0.160913088221536,-0.118645829090724,0.118645829090724
"140","DC297","ENSG00000166881.10;NEMP1;chr12-57069233-57069306-57064645-57064739-57070819-57070893",0.0225255972696246,0.00756143667296786,0.0321697467488022,0.139327385037749,-0.116801787768124,0.116801787768124
"141","DC297","ENSG00000147050.17;KDM6A;chrX-45062646-45062748-45061323-45061419-45063421-45063817",0.035140562248996,0.0114666666666667,0.0208269525267994,0.151702786377709,-0.116562224128713,0.116562224128713
"142","DC297","ENSG00000179029.15;TMEM107;chr17-8175958-8176026-8174002-8174272-8176199-8176316",0.0349339587705222,0.0057481921008715,0.0124445959768155,0.145327510917031,-0.110393552146508,0.110393552146508
"143","DC298","ENSG00000126214.21;KLC1;chr14-103684985-103685036-103679308-103679518-103687080-103687211",0.0130004554299673,0.010877805979497,0.0141222467517147,0.119723774053383,-0.106723318623416,0.106723318623416
"144","DC299","ENSG00000138592.14;USP8;chr15-50484274-50484361-50481480-50482065-50489800-50489881",0.0201729106628242,0.00973574408901252,0.0271739130434783,0.125932062966031,-0.105759152303207,0.105759152303207
"145","DC297","ENSG00000266173.7;STRADA;chr17-63726637-63726695-63714005-63714108-63728333-63728384",0.0199739470256188,NA,NA,0.124285714285714,-0.104311767260096,0.104311767260096
"146","DC297","ENSG00000088448.14;ANKRD10;chr13-110894108-110894202-110892691-110893263-110906032-110906124",0.0159249563699825,0.00715900527505652,0.00862959138516005,0.116778774289985,-0.100853817920003,0.100853817920003
"147","DC299","ENSG00000126214.21;KLC1;chr14-103684985-103685036-103679308-103679518-103687080-103687211",0.0104376412574481,0.00851112119836587,0.0149755207833349,0.11120773270009,-0.100770091442642,0.100770091442642
"148","DC298","ENSG00000168411.14;RFWD3;chr16-74664623-74664745-74660779-74661451-74666785-74666832",0.89572597756896,0.940117064385412,0.958068614993647,0.995682210708117,-0.0999562331391571,0.0999562331391571
"149","DC298","ENSG00000147050.17;KDM6A;chrX-45062646-45062748-45061323-45061419-45063421-45063817",0.0163276231263383,0.00662251655629139,0.00869794412229836,0.115589606928714,-0.0992619838023759,0.0992619838023759
"150","DC298","ENSG00000126214.21;KLC1;chr14-103692358-103692425-103686862-103687211-103700654-103700727",0.800111152278622,0.881893606637384,0.918131945421297,0.899273104880582,-0.0991619526019598,0.0991619526019598
"151","DC299","ENSG00000168411.14;RFWD3;chr16-74664623-74664745-74660779-74661451-74666785-74666832",0.891208791208791,0.893415178571429,0.953772350632359,0.986284289276808,-0.0950754980680167,0.0950754980680167
"152","DC298","ENSG00000100813.15;ACIN1;chr14-23071124-23071186-23069475-23069617-23071426-23071538",0.0354716981132076,0.00552852720035383,0.0259493670886076,0.127551942186089,-0.092080244072881,0.092080244072881
"153","DC297","ENSG00000007545.16;CRAMP1;chr16-1666072-1666177-1665056-1665138-1666421-1666513",0.0517682884628694,0.0321366825994101,0.0461560243522582,0.143325713149786,-0.0915574246869169,0.0915574246869169
"154","DC299","ENSG00000054654.19;SYNE2;chr14-64215285-64215354-64214143-64214470-64216247-64216387",0.0339010767837375,0.0194531704479348,0.0721256411420271,0.121849907886962,-0.0879488311032241,0.0879488311032241
"155","DC297","ENSG00000167766.19;ZNF83;chr19-52616717-52616841-52614671-52614797-52618935-52619062",0.835588420390183,0.930726770929163,0.956406958640764,0.921872776433756,-0.086284356043573,0.086284356043573
"156","DC299","ENSG00000282826.2;FRG1CP;chr20-28601656-28601756-28600391-28600461-28602608-28602761",0.0253570387642087,0.0222187633760068,0.0513789195315451,0.108939100154327,-0.0835820613901184,0.0835820613901184
"157","DC298","ENSG00000125962.15;ARMCX5;chrX-102600919-102601032-102599509-102599847-102601463-102601509",0.00521221146686523,0.019134775374376,0.0167353868542324,0.0887548470486859,-0.0835426355818207,0.0835426355818207
"158","DC298","ENSG00000161692.18;DBF4B;chr17-44732177-44732265-44730964-44731015-44734089-44734163",0.0589370116716504,0.013798813302056,0.0519107576761652,0.141537324464154,-0.0826003127925033,0.0826003127925033
"159","DC299","ENSG00000221923.9;ZNF880;chr19-52379420-52379540-52374298-52374427-52383848-52383969",0.02953706333428,0.023440603893524,0.0298589302626988,0.110370525873832,-0.0808334625395522,0.0808334625395522
"160","DC299","ENSG00000133030.22;MPRIP;chr17-17180606-17180669-17180002-17180088-17184822-17185560",0.146274777853725,0.114965711980637,0.226621992080414,0.226071638285379,-0.0797968604316535,0.0797968604316535
"161","DC297","ENSG00000147202.18;DIAPH2;chrX-96735757-96735790-96684662-96685190-96738585-96738762",0.0637931034482759,0.0892857142857143,0.0744165565830031,0.142222222222222,-0.0784291187739464,0.0784291187739464
"162","DC299","ENSG00000224078.15;SNHG14;chr15-25061305-25061413-25059456-25059718-25061949-25062088",0.0338197822561964,0.0332762417421091,0.0461041170466145,0.110251450676983,-0.0764316684207862,0.0764316684207862
"163","DC297","ENSG00000099889.14;ARVCF;chr22-19971215-19971335-19969895-19970743-19971885-19971971",0.00204081632653061,0.00377500943752359,0.00191428267574178,0.0783110790328401,-0.0762702627063095,0.0762702627063095
"164","DC299","ENSG00000125962.15;ARMCX5;chrX-102600919-102601032-102599509-102599847-102601463-102601509",0.00658926890492626,0.0159701889805696,0.0142505277973258,0.0807784590775793,-0.074189190172653,0.074189190172653
"165","DC297","ENSG00000146872.19;TLK2;chr17-62524235-62524331-62523133-62523177-62536169-62536337",0.822150072150072,0.616802800466744,0.789090909090909,0.89520295202952,-0.0730528798794481,0.0730528798794481
"166","DC297","ENSG00000087586.18;AURKA;chr20-56388686-56388784-56388155-56388202-56390555-56390665",0.489620403321471,0.662199705834287,0.786806225037874,0.558515361392293,-0.0688949580708217,0.0688949580708217
"167","DC297","ENSG00000122126.17;OCRL;chrX-129584343-129584367-129576316-129576552-129587001-129587118",0.758151052414362,0.875853242320819,0.626615969581749,0.826544021024967,-0.0683929686106048,0.0683929686106048
"168","DC299","ENSG00000168781.22;PPIP5K1;chr15-43564102-43564165-43558794-43558932-43564866-43564992",0.0249569707401033,0.0307043949428055,0.0372046254399196,0.092274678111588,-0.0673177073714847,0.0673177073714847
"169","DC297","ENSG00000183597.16;TANGO2;chr22-20053436-20053551-20052464-20052584-20055942-20056013",0.04,0.0378006872852234,0.0399017802332719,0.106976744186047,-0.0669767441860465,0.0669767441860465
"170","DC297","ENSG00000123415.16;SMUG1;chr12-54187818-54187905-54183655-54183959-54188950-54188974",0.0055588021494035,0.00185044443710141,0.00374398590499424,0.0716778752021793,-0.0661190730527758,0.0661190730527758
"171","DC297","ENSG00000067141.17;NEO1;chr15-73274691-73274724-73273810-73274005-73278130-73278199",0.0906171958615769,0.0128769356153219,0.0641018190271401,0.153394255874674,-0.0627770600130967,0.0627770600130967
"172","DC297","ENSG00000100296.14;THOC5;chr22-29531077-29531110-29529161-29529239-29531830-29531963",0.0117521367521368,0.0035899623231677,0.0204115453666621,0.0741455181144132,-0.0623933813622764,0.0623933813622764
"173","DC297","ENSG00000177410.13;ZFAS1;chr20-49280902-49280964-49280321-49280570-49289044-49289260",0.786354295108919,0.814385719285964,0.780380455054084,0.846111111111111,-0.0597568160021921,0.0597568160021921
"174","DC297","ENSG00000161265.15;U2AF1L4;chr19-35744625-35744738-35744069-35744421-35745124-35745176",0.00713708591435497,0.00198237885462555,0.00969743987587277,0.0660847880299252,-0.0589477021155702,0.0589477021155702
"175","DC299","ENSG00000067141.17;NEO1;chr15-73274691-73274724-73273810-73274005-73278130-73278199",0.0316718587746625,0.00784919653893696,0.0452486928803281,0.0905739953367165,-0.058902136562054,0.058902136562054
"176","DC299","ENSG00000100296.14;THOC5;chr22-29531077-29531110-29529161-29529239-29531830-29531963",0.0135426783209237,0.00682177546871471,0.0508868606853797,0.0721181912075082,-0.0585755128865845,0.0585755128865845
"177","DC298","ENSG00000067141.17;NEO1;chr15-73274691-73274724-73273810-73274005-73278130-73278199",0.0526204928862762,0.00707768187422935,0.0389634953659921,0.107958151628688,-0.0553376587424117,0.0553376587424117
"178","DC298","ENSG00000168781.22;PPIP5K1;chr15-43564102-43564165-43558794-43558932-43564866-43564992",0.0444195595371407,0.0450963222416813,0.0488878024932779,0.0989110707803993,-0.0544915112432586,0.0544915112432586
"179","DC299","ENSG00000147050.17;KDM6A;chrX-45062646-45062748-45061323-45061419-45063421-45063817",0.00823529411764706,0.00487329434697856,0.00775193798449612,0.0624,-0.0541647058823529,0.0541647058823529
"180","DC299","ENSG00000100296.14;THOC5;chr22-29550727-29550843-29549051-29549158-29553670-29553741",0.00846672022742723,0.0139819399941742,0.0283409964573754,0.0611015109220612,-0.052634790694634,0.052634790694634
"181","DC298","ENSG00000221923.9;ZNF880;chr19-52379420-52379540-52374298-52374427-52383848-52383969",0.0204992768660001,0.0160752560133365,0.0303184389499778,0.0712121212121212,-0.0507128443461211,0.0507128443461211
"182","DC299","ENSG00000161265.15;U2AF1L4;chr19-35744625-35744738-35744069-35744421-35745124-35745176",0.00493305144467935,0.00436014824504033,0.0144160378420993,0.0547249096061761,-0.0497918581614967,0.0497918581614967
"183","DC299","ENSG00000073060.17;SCARB1;chr12-124782682-124782811-124776855-124778586-124786356-124786503",0.00306954436450839,0.00741809190191634,0.0102938168927671,0.0503348455389933,-0.0472653011744849,0.0472653011744849
"184","DC299","ENSG00000007545.16;CRAMP1;chr16-1666072-1666177-1665056-1665138-1666421-1666513",0.014878750513769,0.0189521730502084,0.0246659815005139,0.0619827586206897,-0.0471040081069206,0.0471040081069206
"185","DC299","ENSG00000134444.15;RELCH;chr18-62280359-62280442-62279773-62279856-62280645-62280709",0.00179025723169698,0.00303270042194093,0.00306791048919984,0.0479201893811295,-0.0461299321494325,0.0461299321494325
"186","DC298","ENSG00000054654.19;SYNE2;chr14-64215285-64215354-64214143-64214470-64216247-64216387",0.0336331577884451,0.0187216338880484,0.065081885918384,0.0797302475285463,-0.0460970897401011,0.0460970897401011
"187","DC297","ENSG00000185800.12;DMWD;chr19-45784640-45784715-45782946-45784290-45785593-45786871",0.0169238798180869,0.00548761367199749,0.0156344869459624,0.0619218714165584,-0.0449979915984714,0.0449979915984714
"188","DC297","ENSG00000121067.19;SPOP;chr17-49675894-49676016-49668026-49668078-49677932-49678000",0.042165130417729,0.0131046877340123,0.0477150537634409,0.0863657300783049,-0.044200599660576,0.044200599660576
"189","DC299","ENSG00000266173.7;STRADA;chr17-63726637-63726695-63714005-63714108-63728333-63728384",0.00429645542427497,0.00113442994895065,0.00464396284829721,0.0458452722063037,-0.0415488167820287,0.0415488167820287
"190","DC298","ENSG00000011304.22;PTBP1;chr19-805512-805569-805012-805187-806407-806556",0.0137741046831956,0.0133779264214047,0.0200534759358289,0.0541516245487365,-0.0403775198655409,0.0403775198655409
"191","DC299","ENSG00000099889.14;ARVCF;chr22-19971215-19971335-19969895-19970743-19971885-19971971",0.00179165600204761,0.00430663221360896,0.00182830549322696,0.0417372163901117,-0.0399455603880641,0.0399455603880641
"192","DC298","ENSG00000282826.2;FRG1CP;chr20-28601656-28601756-28600391-28600461-28602608-28602761",0.00854355869492096,0.00979142526071842,0.0183603250875007,0.0476987447698745,-0.0391551860749535,0.0391551860749535
"193","DC298","ENSG00000185800.12;DMWD;chr19-45784640-45784715-45782946-45784290-45785593-45786871",0.0289449848383413,0.00740740740740741,0.022219567554653,0.0664028144239226,-0.0374578295855813,0.0374578295855813
"194","DC298","ENSG00000121067.19;SPOP;chr17-49675894-49676016-49668026-49668078-49677932-49678000",0.00624694973157638,0.00584078032825185,0.0118379583365362,0.0435979807251033,-0.0373510309935269,0.0373510309935269
"195","DC298","ENSG00000073060.17;SCARB1;chr12-124782682-124782811-124776855-124778586-124786356-124786503",0.00403822090774656,0.0133483033932136,0.00584430322287789,0.0409671629183824,-0.0369289420106359,0.0369289420106359
"196","DC298","ENSG00000134444.15;RELCH;chr18-62280359-62280442-62279773-62279856-62280645-62280709",0.00160826969823459,0.00250454453645728,0.000635232884572037,0.0376290009231575,-0.0360207312249229,0.0360207312249229
"197","DC298","ENSG00000007545.16;CRAMP1;chr16-1666072-1666177-1665056-1665138-1666421-1666513",0.0333013987353899,0.0463366573117573,0.0392425519955031,0.0689983669025585,-0.0356969681671686,0.0356969681671686
"198","DC297","ENSG00000134444.15;RELCH;chr18-62280359-62280442-62279773-62279856-62280645-62280709",0.00106597632009746,0.000914614228784216,0.000460787024237397,0.0341614185122354,-0.0330954421921379,0.0330954421921379
"199","DC299","ENSG00000185800.12;DMWD;chr19-45784640-45784715-45782946-45784290-45785593-45786871",0.0125712040856413,0.00373439141089975,0.0120910109321281,0.0450347176732608,-0.0324635135876195,0.0324635135876195
"200","DC299","ENSG00000166881.10;NEMP1;chr12-57069233-57069306-57064645-57064739-57070819-57070893",0.00518902891030393,0.00393056010481494,0.0126025205041008,0.0357675111773472,-0.0305784822670433,0.0305784822670433
"201","DC298","ENSG00000166881.10;NEMP1;chr12-57069233-57069306-57064645-57064739-57070819-57070893",0.00551200391964723,0.00374384236453202,0.00831894522053053,0.0345003833375926,-0.0289883794179454,0.0289883794179454
"202","DC298","ENSG00000266173.7;STRADA;chr17-63726637-63726695-63714005-63714108-63728333-63728384",0.00156862745098039,0.001743679163034,0.00232666356444858,0.029263370332997,-0.0276947428820166,0.0276947428820166
"203","DC299","ENSG00000011304.22;PTBP1;chr19-805512-805569-805012-805187-806407-806556",0.0110497237569061,0.0229885057471264,0.100671140939597,0.0384615384615385,-0.0274118147046324,0.0274118147046324
"204","DC298","ENSG00000123415.16;SMUG1;chr12-54187818-54187905-54183655-54183959-54188950-54188974",0.00461909686315064,0.00328562789760129,0.0028735142140896,0.0319087942136368,-0.0272896973504861,0.0272896973504861
"205","DC298","ENSG00000282826.2;FRG1CP;chr20-28583869-28583946-28583024-28583110-28586298-28586403",0.00632635253054101,0.00504672897196262,0.00922000847816871,0.0331666869893915,-0.0268403344588505,0.0268403344588505
"206","DC298","ENSG00000183597.16;TANGO2;chr22-20053436-20053551-20052464-20052584-20055942-20056013",0.0109090909090909,0.0422832980972516,0.0145861601085482,0.037410071942446,-0.0265009810333551,0.0265009810333551
"207","DC298","ENSG00000100296.14;THOC5;chr22-29550727-29550843-29549051-29549158-29553670-29553741",0.0166914768948152,0.010126582278481,0.017909604519774,0.043152796125055,-0.0264613192302399,0.0264613192302399
"208","DC297","ENSG00000221923.9;ZNF880;chr19-52379420-52379540-52374298-52374427-52383848-52383969",0.0284556962025316,0.01142585098786,0.0205615741764316,0.0526818616077522,-0.0242261654052205,0.0242261654052205
"209","DC298","ENSG00000197119.13;SLC25A29;chr14-100295625-100295697-100293293-100293377-100298841-100298885",0,0.00203665987780041,0.0016116035455278,0.0238907849829352,-0.0238907849829352,0.0238907849829352
"210","DC297","ENSG00000142453.12;CARM1;chr19-10921374-10921443-10921049-10921127-10921614-10921900",0.00174178097104289,0.000195963158926122,0.00157232704402516,0.0249559600704639,-0.023214179099421,0.023214179099421
"211","DC299","ENSG00000142453.12;CARM1;chr19-10921374-10921443-10921049-10921127-10921614-10921900",0.00398903016704064,0.00423650764413336,0.008963027511515,0.0240700218818381,-0.0200809917147974,0.0200809917147974
"212","DC299","ENSG00000141480.18;ARRB2;chr17-4715012-4715043-4710595-4710744-4715972-4716033",0,0,0,0.0199004975124378,-0.0199004975124378,0.0199004975124378
"213","DC297","ENSG00000243156.9;MICAL3;chr22-17812506-17812557-17810702-17810813-17816689-17816784",0.0010307153164296,0.000592241634586911,0.00187617260787992,0.0163966425922311,-0.0153659272758015,0.0153659272758015
"214","DC299","ENSG00000282826.2;FRG1CP;chr20-28583869-28583946-28583024-28583110-28586298-28586403",0.00260778859527121,0.00400512656199936,0.00491888160165689,0.0177267987486966,-0.0151190101534253,0.0151190101534253
"215","DC299","ENSG00000183597.16;TANGO2;chr22-20053436-20053551-20052464-20052584-20055942-20056013",0.0325047801147228,0.05,0.0793950850661626,0.0474537037037037,-0.014948923588981,0.014948923588981
"216","DC297","ENSG00000102125.16;TAZ;chrX-154414100-154414190-154413481-154413567-154419542-154419623",0.00205569052513549,0.00271575135787568,0.00446077145106271,0.0165760869565217,-0.0145203964313863,0.0145203964313863
"217","DC298","ENSG00000108509.21;CAMTA2;chr17-4969499-4969520-4969149-4969337-4969629-4969701",0.0162498233714851,0.0146304239139015,0.00476159129309021,0.0302708819577056,-0.0140210585862205,0.0140210585862205
"218","DC297","ENSG00000108262.16;GIT1;chr17-29578961-29578988-29578730-29578779-29581337-29581380",0.0069776333397056,0.00538003663003663,0.00445382090951711,0.0198152363100817,-0.0128376029703761,0.0128376029703761
"219","DC298","ENSG00000099889.14;ARVCF;chr22-19971215-19971335-19969895-19970743-19971885-19971971",0.0025507105550832,0.00459647247461251,0.00128070788217487,0.0153221208665906,-0.0127714103115074,0.0127714103115074
"220","DC299","ENSG00000123562.18;MORF4L2;chrX-103684680-103684729-103678498-103678651-103685170-103685260",0.00301709688233322,0.00824442289039767,0.00527704485488127,0.0138918572344518,-0.0108747603521186,0.0108747603521186
"221","DC299","ENSG00000178999.13;AURKB;chr17-8210176-8210225-8207737-8207840-8210529-8210584",0.0158583609406398,0.00948230448733298,0.0136562662665728,0.0263150342927655,-0.0104566733521258,0.0104566733521258
"222","DC299","ENSG00000102125.16;TAZ;chrX-154419704-154419746-154419542-154419623-154420031-154420094",0.00533903822900195,0.00495784964068546,0.00901493936114427,0.0153632508038183,-0.0100242125748163,0.0100242125748163
"223","DC297","ENSG00000063601.17;MTMR1;chrX-150712341-150712365-150699194-150699300-150718624-150718700",0.0155547874179053,0.00396825396825397,0.00887144928772498,0.0255579868708972,-0.0100031994529919,0.0100031994529919
"224","DC299","ENSG00000123415.16;SMUG1;chr12-54187818-54187905-54183655-54183959-54188950-54188974",0.000990659496178885,0.00103845943631693,0.00148765248437965,0.010868320694727,-0.00987766119854813,0.00987766119854813
"225","DC297","ENSG00000197119.13;SLC25A29;chr14-100295625-100295697-100293293-100293377-100298841-100298885",0,0.000933706816059757,0.000333778371161549,0.00949598246895544,-0.00949598246895544,0.00949598246895544
"226","DC299","ENSG00000183426.17;NPIPA1;chr16-14925100-14925189-14924504-14924638-14925732-14925876",0.00341151385927505,0.00325109963664181,0.00729442970822281,0.01272166538165,-0.00931015152237491,0.00931015152237491
"227","DC298","ENSG00000243156.9;MICAL3;chr22-17812506-17812557-17810702-17810813-17816689-17816784",0.00078125,0,0.0011648223645894,0.00960746637386769,-0.00882621637386769,0.00882621637386769
"228","DC298","ENSG00000063601.17;MTMR1;chrX-150712341-150712365-150699194-150699300-150718624-150718700",0.00642380187642634,0.00201838977349181,0.00389837343728996,0.0150488225157955,-0.00862502063936918,0.00862502063936918
"229","DC299","ENSG00000147202.18;DIAPH2;chrX-96735757-96735790-96684662-96685190-96738585-96738762",0.0265486725663717,0.010752688172043,0.0306278713629403,0.0349740932642487,-0.00842542069787702,0.00842542069787702
"230","DC299","ENSG00000169592.15;INO80E;chr16-30001464-30001530-30000928-30001040-30005220-30005577",0,0,0.00170068027210884,0.00831024930747922,-0.00831024930747922,0.00831024930747922
"231","DC297","ENSG00000178999.13;AURKB;chr17-8210176-8210225-8207737-8207840-8210529-8210584",0.0123643998600257,0.00402191946106279,0.00660964230171073,0.020609559613319,-0.00824515975329335,0.00824515975329335
"232","DC299","ENSG00000243156.9;MICAL3;chr22-17812506-17812557-17810702-17810813-17816689-17816784",0.000560224089635854,0,0.00061012812690665,0.00798654897015553,-0.00742632488051967,0.00742632488051967
"233","DC298","ENSG00000108262.16;GIT1;chr17-29578961-29578988-29578730-29578779-29581337-29581380",0.0127309424002484,0.00739138272940328,0.0058111954459203,0.0201526717557252,-0.00742172935547678,0.00742172935547678
"234","DC297","ENSG00000137807.16;KIF23;chr15-69425281-69425323-69423158-69423329-69426069-69426182",0.00631961450351529,0.000614418350628072,0.00433239063722246,0.0137087128530684,-0.00738909834955308,0.00738909834955308
"235","DC297","ENSG00000123562.18;MORF4L2;chrX-103684680-103684729-103678498-103678651-103685170-103685260",0.0009765625,0.00468854655056932,0.00132100396301189,0.0082122552116235,-0.0072356927116235,0.0072356927116235
"236","DC299","ENSG00000197119.13;SLC25A29;chr14-100295625-100295697-100293293-100293377-100298841-100298885",0.000356887937187723,0,0.000542888165038002,0.00719748088169141,-0.00684059294450368,0.00684059294450368
"237","DC299","ENSG00000196924.19;FLNA;chrX-154357250-154357274-154354824-154355072-154357433-154357623",0.00192678227360308,0.0176165803108808,0.0301750150875075,0.00807265388496468,-0.0061458716113616,0.0061458716113616
"238","DC298","ENSG00000130731.16;METTL26;chr16-635280-635340-634663-634797-636093-636278",0.00299476887773953,0.00223828100019185,0.00150566739976315,0.0090311986863711,-0.00603642980863157,0.00603642980863157
"239","DC297","ENSG00000075413.19;MARK3;chr14-103498501-103498528-103491538-103492034-103500155-103500200",0.00085166784953868,0.00123413258110014,0.0014945652173913,0.0068689181453921,-0.00601725029585342,0.00601725029585342
"240","DC298","ENSG00000100281.14;HMGXB4;chr22-35263981-35264096-35263795-35263874-35264647-35265567",0.0018777932174109,0.0017579841781424,0.000434898161347218,0.00736943287407882,-0.00549163965666792,0.00549163965666792
"241","DC297","ENSG00000172175.15;MALT1;chr18-58710920-58710953-58709321-58710072-58714082-58714109",0.00753926701570681,0.0010482180293501,0.00942749400068564,0.0129419191919192,-0.00540265217621239,0.00540265217621239
"242","DC298","ENSG00000137807.16;KIF23;chr15-69425281-69425323-69423158-69423329-69426069-69426182",0.0016726403823178,0.000862068965517241,0.00128755364806867,0.0066446977472854,-0.0049720573649676,0.0049720573649676
"243","DC298","ENSG00000183426.17;NPIPA1;chr16-14925100-14925189-14924504-14924638-14925732-14925876",0.00292094600961085,0.00339510538972981,0.00329797664675996,0.00744909783148485,-0.004528151821874,0.004528151821874
"244","DC299","ENSG00000063601.17;MTMR1;chrX-150712341-150712365-150699194-150699300-150718624-150718700",0.00162760416666667,0.0016249153689912,0.00306720793865584,0.00607287449392713,-0.00444527032726046,0.00444527032726046
"245","DC298","ENSG00000102125.16;TAZ;chrX-154419704-154419746-154419542-154419623-154420031-154420094",0.0090896378128933,0.0150779641070903,0.00604723540882857,0.0132007952286282,-0.00411115741573493,0.00411115741573493
"246","DC298","ENSG00000100296.14;THOC5;chr22-29531077-29531110-29529161-29529239-29531830-29531963",0.00107939107455242,0.00257757509665907,0.0023036253776435,0.0049552816050278,-0.00387589053047537,0.00387589053047537
"247","DC299","ENSG00000108509.21;CAMTA2;chr17-4969499-4969520-4969149-4969337-4969629-4969701",0.044990844886215,0.0171734795613161,0.0700442212152645,0.0487823420592484,-0.00379149717303336,0.00379149717303336
"248","DC298","ENSG00000171298.13;GAA;chr17-80101810-80101925-80101586-80101625-80104554-80105132",0.00246305418719212,0.00392003136025088,0.00232450023245002,0.00619759387531899,-0.00373453968812688,0.00373453968812688
"249","DC298","ENSG00000140995.17;DEF8;chr16-89949416-89949513-89948730-89948814-89954242-89954376",0.00135869565217391,0,0,0.00472813238770686,-0.00336943673553294,0.00336943673553294
"250","DC299","ENSG00000102125.16;TAZ;chrX-154414100-154414190-154413481-154413567-154419542-154419623",0.00140224358974359,0.00199411261988415,0.00304496764721875,0.00476166094926015,-0.00335941735951656,0.00335941735951656
"251","DC299","ENSG00000075413.19;MARK3;chr14-103498501-103498528-103491538-103492034-103500155-103500200",0.000895501825446029,0.00188380679677492,0.00148286234800661,0.00419550328109872,-0.00330000145565269,0.00330000145565269
"252","DC299","ENSG00000100241.21;SBF1;chr22-50457033-50457111-50456491-50456673-50459254-50459392",0.000398989227290863,0.000324074074074074,0.000319174402212943,0.0035316260282953,-0.00313263680100444,0.00313263680100444
"253","DC298","ENSG00000100241.21;SBF1;chr22-50457033-50457111-50456491-50456673-50459254-50459392",0.00107099574420112,0.000352077255809275,0.000336013978181492,0.00412225428419999,-0.00305125853999887,0.00305125853999887
"254","DC298","ENSG00000102125.16;TAZ;chrX-154414100-154414190-154413481-154413567-154419542-154419623",0.00179377386876519,0.00220872446162341,0.00156470035988108,0.00475923852183651,-0.00296546465307132,0.00296546465307132
"255","DC299","ENSG00000172175.15;MALT1;chr18-58710920-58710953-58709321-58710072-58714082-58714109",0.00852099817407182,0.00105263157894737,0.00638297872340425,0.0114192495921697,-0.00289825141809784,0.00289825141809784
"256","DC299","ENSG00000130731.16;METTL26;chr16-635280-635340-634663-634797-636093-636278",0.00410718558098732,0.00146863417022169,0.00150961385666614,0.00669271886089027,-0.00258553327990295,0.00258553327990295
"257","DC299","ENSG00000101974.15;ATP11C;chrX-139731650-139731755-139726347-139728962-139737915-139738069",0,0,0,0.0025706940874036,-0.0025706940874036,0.0025706940874036
"258","DC299","ENSG00000137807.16;KIF23;chr15-69425281-69425323-69423158-69423329-69426069-69426182",0.0004149377593361,0.00058304181242712,0.000760417722802393,0.00285007753887422,-0.00243513977953812,0.00243513977953812
"259","DC298","ENSG00000196924.19;FLNA;chrX-154357250-154357274-154354824-154355072-154357433-154357623",0,0,0,0.00215982721382289,-0.00215982721382289,0.00215982721382289
"260","DC298","ENSG00000075413.19;MARK3;chr14-103498501-103498528-103491538-103492034-103500155-103500200",0.000787236275847591,0.00055996266915539,0.000363190629681754,0.00288214641303778,-0.00209491013719019,0.00209491013719019
"261","DC299","ENSG00000140995.17;DEF8;chr16-89949416-89949513-89948730-89948814-89954242-89954376",0.000552486187845304,0,0.000666000666000666,0.00260416666666667,-0.00205168047882136,0.00205168047882136
"262","DC299","ENSG00000122966.17;CIT;chr12-119711048-119711093-119710539-119710620-119712177-119712347",0.00097942466220979,0.00101490817823982,0.000806782261371001,0.00284378483341014,-0.00186436017120035,0.00186436017120035
"263","DC298","ENSG00000140416.23;TPM1;chr15-63064063-63064190-63062575-63062645-63065895-63066093",0.000285148063131781,0.00855193945769844,0.00113458265626953,0.00211971158022761,-0.00183456351709583,0.00183456351709583
"264","DC298","ENSG00000178999.13;AURKB;chr17-8210176-8210225-8207737-8207840-8210529-8210584",0.00559039700332018,0.00415234183149529,0.00440957662653862,0.00741461450714621,-0.00182421750382603,0.00182421750382603
"265","DC297","ENSG00000122966.17;CIT;chr12-119711048-119711093-119710539-119710620-119712177-119712347",0.000239558744478463,0.000120918171985947,0.000398100491938465,0.00190383574965245,-0.00166427700517398,0.00166427700517398
"266","DC297","ENSG00000130731.16;METTL26;chr16-635280-635340-634663-634797-636093-636278",0.00019248351859872,5.50660792951542e-05,0.000297265160523187,0.00179118275842145,-0.00159869923982273,0.00159869923982273
"267","DC299","ENSG00000088448.14;ANKRD10;chr13-110894108-110894202-110892691-110893263-110906032-110906124",0,0,0.000944287063267233,0.00155763239875389,-0.00155763239875389,0.00155763239875389
"268","DC297","ENSG00000101974.15;ATP11C;chrX-139731650-139731755-139726347-139728962-139737915-139738069",0,0,0,0.00148367952522255,-0.00148367952522255,0.00148367952522255
"269","DC299","ENSG00000171298.13;GAA;chr17-80101810-80101925-80101586-80101625-80104554-80105132",0.0171094101755966,0.00706057227796358,0.00666666666666667,0.0185519196083484,-0.00144250943275179,0.00144250943275179
"270","DC299","ENSG00000108262.16;GIT1;chr17-29578961-29578988-29578730-29578779-29581337-29581380",0.00722702278083268,0.0023550961664268,0.00420825993345077,0.0086587294979602,-0.00143170671712752,0.00143170671712752
"271","DC297","ENSG00000141480.18;ARRB2;chr17-4715012-4715043-4710595-4710744-4715972-4716033",0.0328467153284672,0.0291666666666667,0.0261044176706827,0.0340632603406326,-0.00121654501216545,0.00121654501216545
"272","DC298","ENSG00000142453.12;CARM1;chr19-10921374-10921443-10921049-10921127-10921614-10921900",0.000202142712755205,0.000884955752212389,0.000192270717169775,0.00140812015958695,-0.00120597744683175,0.00120597744683175
"273","DC298","ENSG00000088448.14;ANKRD10;chr13-110894108-110894202-110892691-110893263-110906032-110906124",8.13074233677535e-05,0,0.000375657400450789,0.00118483412322275,-0.001103526699855,0.001103526699855
"274","DC297","ENSG00000166887.16;VPS39;chr15-42192065-42192098-42191495-42191560-42199895-42199961",0.000150547994700711,0.000110217127741651,0.000216490381641616,0.00123149010302466,-0.00108094210832395,0.00108094210832395
"275","DC298","ENSG00000101974.15;ATP11C;chrX-139731650-139731755-139726347-139728962-139737915-139738069",0.000744786494538232,0,0,0.00162127107652399,-0.000876484581985762,0.000876484581985762
"276","DC298","ENSG00000205560.13;CPT1B;chr22-50573807-50573921-50573519-50573715-50574334-50574419",0.000591156301726176,0.000363768643142961,0.000269662921348315,0.00124577326926499,-0.000654616967538817,0.000654616967538817
"277","DC297","ENSG00000196535.17;MYO18A;chr17-29085603-29085648-29082315-29082438-29086437-29086577",0,0.000389408099688474,0,0.000631978091426164,-0.000631978091426164,0.000631978091426164
"278","DC299","ENSG00000166887.16;VPS39;chr15-42192065-42192098-42191495-42191560-42199895-42199961",0,3.26392062145049e-05,0.000288761009013469,0.000609931721532284,-0.000609931721532284,0.000609931721532284
"279","DC297","ENSG00000074410.14;CA12;chr15-63328097-63328130-63327148-63327233-63338818-63338945",0.000196232339089482,0.000192826841496336,0,0.000755096904102693,-0.000558864565013211,0.000558864565013211
"280","DC299","ENSG00000205560.13;CPT1B;chr22-50573807-50573921-50573519-50573715-50574334-50574419",0.00013331555792561,0,8.71687587168759e-05,0.00068844661409438,-0.00055513105616877,0.00055513105616877
"281","DC298","ENSG00000196123.13;KIAA0895L;chr16-67181605-67181697-67180040-67180666-67183261-67184040",0.00436935624817943,0.00110206849779586,0.00162054350536026,0.0048780487804878,-0.00050869253230837,0.00050869253230837
"282","DC299","ENSG00000196535.17;MYO18A;chr17-29085603-29085648-29082315-29082438-29086437-29086577",0,0.00011213276519399,7.27325623681722e-05,0.000487940889446536,-0.000487940889446536,0.000487940889446536
"283","DC297","ENSG00000100241.21;SBF1;chr22-50457033-50457111-50456491-50456673-50459254-50459392",0.000829156145177703,0.000109521028037383,0.000352438433411163,0.00129518426939833,-0.000466028124220625,0.000466028124220625
"284","DC298","ENSG00000205581.11;HMGN1;chr21-39347378-39347483-39345829-39345958-39348291-39348339",0,0,0,0.00041101520756268,-0.00041101520756268,0.00041101520756268
"285","DC297","ENSG00000169689.15;CENPX;chr17-82019640-82019694-82018837-82019381-82019857-82019909",0.000110132158590308,0,0,0.000380916103228264,-0.000270783944637956,0.000270783944637956
"286","DC299","ENSG00000185813.11;PCYT2;chr17-81907203-81907257-81906759-81906898-81907553-81907598",0,0,0.00142146410803127,0.000259560477591279,-0.000259560477591279,0.000259560477591279
"287","DC298","ENSG00000123562.18;MORF4L2;chrX-103684680-103684729-103678498-103678651-103685170-103685260",0.00105708245243129,0.00323362974939369,0,0.00128040973111396,-0.000223327278682667,0.000223327278682667
"288","DC298","ENSG00000166887.16;VPS39;chr15-42192065-42192098-42191495-42191560-42199895-42199961",0,0,6.43721568964037e-05,0.000211422875955178,-0.000211422875955178,0.000211422875955178
"289","DC298","ENSG00000169689.15;CENPX;chr17-82019640-82019694-82018837-82019381-82019857-82019909",0,0.000161917098445596,5.63539025077487e-05,0.00020996640537514,-0.00020996640537514,0.00020996640537514
"290","DC298","ENSG00000122966.17;CIT;chr12-119711048-119711093-119710539-119710620-119712177-119712347",0.000220027482678025,6.22940403291617e-05,4.13610025907028e-05,0.000424474583290196,-0.000204447100612171,0.000204447100612171
"291","DC298","ENSG00000196535.17;MYO18A;chr17-29085603-29085648-29082315-29082438-29086437-29086577",5.8713010803194e-05,0.000281716593107334,0.000294146484949505,0.000202442809906202,-0.000143729799103008,0.000143729799103008
"292","DC299","ENSG00000198814.13;GK;chrX-30727465-30727552-30724100-30724181-30728731-30729249",0,0,0,0.000123008795128852,-0.000123008795128852,0.000123008795128852
"293","DC298","ENSG00000185813.11;PCYT2;chr17-81907203-81907257-81906759-81906898-81907553-81907598",0.00018491124260355,0,0,0.000262157556691572,-7.72463140880214e-05,7.72463140880214e-05
"294","DC297","ENSG00000140416.23;TPM1;chr15-63064063-63064190-63062575-63062645-63065895-63066093",0.0570739929740544,0.0261035292516081,0.0114253023864008,0.0570923329544019,-1.83399803475107e-05,1.83399803475107e-05
"295","DC298","ENSG00000074410.14;CA12;chr15-63328097-63328130-63327148-63327233-63338818-63338945",0.000226603217765692,0.000280269058295964,0.000974848898420745,0.000243427458617332,-1.68242408516398e-05,1.68242408516398e-05
"296","DC297","ENSG00000205581.11;HMGN1;chr21-39345829-39345958-39345145-39345274-39347378-39347478",0,0,0,0,0,0
"297","DC297","ENSG00000266173.7;STRADA;chr17-63723297-63723326-63714005-63714108-63726637-63726695",0,0,0.00106894708711919,0,0,0
"298","DC298","ENSG00000001497.18;LAS1L;chrX-65524563-65524614-65524055-65524262-65524964-65525050",0,0,4.68713381767049e-05,0,0,0
"299","DC298","ENSG00000100429.18;HDAC10;chr22-50250426-50250523-50250062-50250160-50250770-50250905",0,0,0,0,0,0
"300","DC298","ENSG00000105357.19;MYH14;chr19-50224153-50224177-50223246-50223349-50225584-50225677",0,0,0,0,0,0
"301","DC298","ENSG00000198814.13;GK;chrX-30727465-30727552-30724100-30724181-30728731-30729249",0,0,0,0,0,0
"302","DC298","ENSG00000205581.11;HMGN1;chr21-39345829-39345958-39345145-39345274-39347378-39347478",0,0,0,0,0,0
"303","DC298","ENSG00000266173.7;STRADA;chr17-63723297-63723326-63714005-63714108-63726637-63726695",0,0,0.000510725229826353,0,0,0
"304","DC299","ENSG00000001497.18;LAS1L;chrX-65524563-65524614-65524055-65524262-65524964-65525050",0,0,5.40365286933967e-05,0,0,0
"305","DC299","ENSG00000205581.11;HMGN1;chr21-39345829-39345958-39345145-39345274-39347378-39347478",0,0,0,0,0,0
"306","DC299","ENSG00000205581.11;HMGN1;chr21-39347378-39347483-39345829-39345958-39348291-39348339",0,0,0,0,0,0
"307","DC297","ENSG00000198814.13;GK;chrX-30727465-30727552-30724100-30724181-30728731-30729249",8.1366965012205e-05,0,7.97957229492499e-05,0,8.1366965012205e-05,-8.1366965012205e-05
"308","DC297","ENSG00000205560.13;CPT1B;chr22-50573807-50573921-50573519-50573715-50574334-50574419",0.000347141865308956,0.000163039047851961,0,0.00026567481402763,8.14670512813261e-05,-8.14670512813261e-05
"309","DC297","ENSG00000185813.11;PCYT2;chr17-81907203-81907257-81906759-81906898-81907553-81907598",0.000154655119084442,0.000183284457478006,0.00045475216007276,0,0.000154655119084442,-0.000154655119084442
"310","DC297","ENSG00000001497.18;LAS1L;chrX-65524563-65524614-65524055-65524262-65524964-65525050",0.0001706921566954,0,0,0,0.0001706921566954,-0.0001706921566954
"311","DC299","ENSG00000169689.15;CENPX;chr17-82019640-82019694-82018837-82019381-82019857-82019909",0.00132237106882079,0,0.000365217968724061,0.0011508425811755,0.000171528487645286,-0.000171528487645286
"312","DC298","ENSG00000172175.15;MALT1;chr18-58710920-58710953-58709321-58710072-58714082-58714109",0.000241312741312741,0,0,0,0.000241312741312741,-0.000241312741312741
"313","DC299","ENSG00000266173.7;STRADA;chr17-63723297-63723326-63714005-63714108-63726637-63726695",0.000896458987001345,0.00348432055749129,0.015240030480061,0.000614062020264047,0.000282396966737298,-0.000282396966737298
"314","DC298","ENSG00000147202.18;DIAPH2;chrX-96735757-96735790-96684662-96685190-96738585-96738762",0.085978835978836,0.0288461538461538,0.0568475452196382,0.085650723025584,0.000328112953251997,-0.000328112953251997
"315","DC299","ENSG00000074410.14;CA12;chr15-63328097-63328130-63327148-63327233-63338818-63338945",0.00113090189426067,0.000290528762347472,0.00114503816793893,0,0.00113090189426067,-0.00113090189426067
"316","DC299","ENSG00000100429.18;HDAC10;chr22-50250426-50250523-50250062-50250160-50250770-50250905",0.00712719298245614,0.000901306894997747,0.00188205771643664,0.00476190476190476,0.00236528822055138,-0.00236528822055138
"317","DC297","ENSG00000183426.17;NPIPA1;chr16-14925100-14925189-14924504-14924638-14925732-14925876",0.0184873949579832,0.00404465296877528,0.0106582169091171,0.0153643546971027,0.00312304026088047,-0.00312304026088047
"318","DC297","ENSG00000102125.16;TAZ;chrX-154419704-154419746-154419542-154419623-154420031-154420094",0.0516226493722978,0.00609349094589066,0.00830876440632538,0.0467045574893211,0.00491809188297661,-0.00491809188297661
"319","DC299","ENSG00000140416.23;TPM1;chr15-63064063-63064190-63062575-63062645-63065895-63066093",0.0257573164470306,0.0119488252333441,0.0275524559250501,0.0195825230918814,0.00617479335514925,-0.00617479335514925
"320","DC297","ENSG00000171298.13;GAA;chr17-80101810-80101925-80101586-80101625-80104554-80105132",0.033683048039757,0.00516693163751987,0.0087431693989071,0.0274725274725275,0.00621052056722957,-0.00621052056722957
"321","DC299","ENSG00000099331.14;MYO9B;chr19-17210332-17210380-17209585-17209709-17210714-17210848",0.0417422867513612,0.0346915017462165,0.0791919191919192,0.028281096963761,0.0134611897876001,-0.0134611897876001
"322","DC298","ENSG00000099331.14;MYO9B;chr19-17210332-17210380-17209585-17209709-17210714-17210848",0.0150077245641139,0.0181554103122731,0.0109140518417462,0.00145391102064554,0.0135538135434683,-0.0135538135434683
"323","DC297","ENSG00000186575.19;NF2;chr22-29683019-29683064-29681438-29681601-29694751-29694811",0.500576827995385,0.0600159848870159,0.378056251740462,0.481201894612197,0.0193749333831888,-0.0193749333831888
"324","DC298","ENSG00000119688.21;ABCD4;chr14-74299547-74299675-74297835-74298069-74300149-74300268",0.557672543284054,0.37954155621394,0.741453331213229,0.524566884407839,0.0331056588762153,-0.0331056588762153
"325","DC297","ENSG00000108509.21;CAMTA2;chr17-4969499-4969520-4969149-4969337-4969629-4969701",0.0856831348739765,0.00627048967060415,0.023102086858432,0.0491948589156449,0.0364882759583317,-0.0364882759583317
"326","DC299","ENSG00000100281.14;HMGXB4;chr22-35263981-35264096-35263795-35263874-35264647-35265567",0.367735009967796,0.0209181181832981,0.0193290190735695,0.263450834879406,0.10428417508839,-0.10428417508839
"327","DC299","ENSG00000122126.17;OCRL;chrX-129584343-129584367-129576316-129576552-129587001-129587118",0.380451127819549,0.681632653061224,0.339130434782609,0,0.380451127819549,-0.380451127819549
"328","DC297","ENSG00000183077.15;AFMID;chr17-78204655-78204741-78202702-78202751-78204827-78204852",0.448587241479755,0.00486344930789375,0.00235941801022414,0.003690036900369,0.444897204579386,-0.444897204579386
"329","DC297","ENSG00000139793.19;MBNL2;chr13-97366458-97366553-97357481-97357635-97391321-97391599",0.693675583732797,0.0948234155781326,0.411894273127753,0.191131498470948,0.502544085261849,-0.502544085261849
"330","DC299","ENSG00000196123.13;KIAA0895L;chr16-67181605-67181697-67180040-67180666-67183261-67184040",0.62224236929586,0.0502260170768458,0.0709046454767726,0.0909090909090909,0.531333278386769,-0.531333278386769
"331","DC298","ENSG00000100109.17;TFIP11;chr22-26510616-26510692-26510063-26510281-26512098-26512175",0.807017543859649,0.841805612037414,0.627824545857333,0.265895953757225,0.541121590102424,-0.541121590102424
"332","DC297","ENSG00000099331.14;MYO9B;chr19-17210332-17210380-17209585-17209709-17210714-17210848",NA,0.00271739130434783,0.0108991825613079,NA,NA,NA
"333","DC297","ENSG00000140995.17;DEF8;chr16-89949416-89949513-89948730-89948814-89954242-89954376",NA,0.00119083060434653,0.00221361372440509,0.00336700336700337,NA,NA
"334","DC298","ENSG00000122126.17;OCRL;chrX-129584343-129584367-129576316-129576552-129587001-129587118",0.0668769716088328,0.112518265952265,0.0264918383730265,NA,NA,NA
"335","DC298","ENSG00000183077.15;AFMID;chr17-78204655-78204741-78202702-78202751-78204827-78204852",0,0,0,NA,NA,NA
"336","DC298","ENSG00000072310.18;SREBF1;chr17-17823517-17823607-17820089-17820521-17836726-17836987",NA,0,0,NA,NA,NA
"337","DC299","ENSG00000072310.18;SREBF1;chr17-17823517-17823607-17820089-17820521-17836726-17836987",0.621212121212121,0.459459459459459,0.595744680851064,NA,NA,NA
"338","DC299","ENSG00000183077.15;AFMID;chr17-78204655-78204741-78202702-78202751-78204827-78204852",0.282118055555556,0.00450740502253703,0.0244648318042813,NA,NA,NA
"339","DC299","ENSG00000186575.19;NF2;chr22-29683019-29683079-29681438-29681601-29694751-29694811",NA,0.0131578947368421,0,NA,NA,NA
